ts_utc,event,asset,side,bar_dt,price,entry,risk,stop,net_r,days_held,reason
2026-09-07T12:55:15.865576Z,entry,GOLD_CFD,long,2023-11-27 20:00:00,2015.310059,2015.310059,30.229651,1985.080408,,0,donchian_breakout
2026-09-07T12:55:15.865576Z,exit,GOLD_CFD,long,2023-12-04 04:00:00,2063.050049,2015.310059,30.229650884999998,2072.482056473623,1.4592,6,trail_stop
2026-09-07T12:55:15.865576Z,entry,GOLD_CFD,short,2023-12-04 12:00:00,2022.660034,2022.660034,59.777101,2082.437135,,0,donchian_breakout
2026-09-07T12:55:15.865576Z,exit,GOLD_CFD,short,2023-12-13 16:00:00,2013.699951,2022.660034,59.77710067546991,2004.0373030632152,0.0687,9,trail_stop
2026-09-07T12:55:15.865576Z,entry,GOLD_CFD,long,2023-12-13 20:00:00,2032.949951,2032.949951,34.353107,1998.596844,,0,donchian_breakout
2026-09-07T12:55:15.865576Z,exit,GOLD_CFD,long,2024-01-01 20:00:00,2063.800049,2032.949951,34.35310731471095,2064.6705295743623,0.6376,19,trail_stop
2026-09-07T12:55:15.865576Z,entry,GOLD_CFD,short,2024-01-02 12:00:00,2059.320068,2059.320068,30.889801,2090.209869,,0,donchian_breakout
2026-09-07T12:55:15.865576Z,exit,GOLD_CFD,short,2024-01-05 12:00:00,2061.889893,2059.320068,30.88980102,2056.1494714182686,-0.1632,3,trail_stop
2026-09-07T12:55:15.865576Z,entry,GOLD_CFD,short,2024-01-08 04:00:00,2031.51001,2031.51001,30.47265,2061.98266,,0,donchian_breakout
2026-09-07T12:55:15.865576Z,exit,GOLD_CFD,short,2024-01-12 08:00:00,2045.48999,2031.51001,30.47265015,2043.8368492761767,-0.5521,4,trail_stop
2026-09-07T12:55:15.865576Z,entry,GOLD_CFD,long,2024-01-12 12:00:00,2053.76001,2053.76001,30.8064,2022.95361,,0,donchian_breakout
2026-09-07T12:55:15.865576Z,exit,GOLD_CFD,long,2024-01-16 16:00:00,2029.430054,2053.76001,30.806400149999998,2034.8403861658526,-0.8831,4,trail_stop
2026-09-07T12:55:15.865576Z,entry,GOLD_CFD,short,2024-01-17 00:00:00,2024.119995,2024.119995,30.3618,2054.481795,,0,donchian_breakout
2026-09-07T12:55:15.865576Z,exit,GOLD_CFD,short,2024-01-19 08:00:00,2031.689941,2024.119995,30.361799925,2029.6143569327746,-0.316,2,trail_stop
2026-09-07T12:55:15.865576Z,entry,GOLD_CFD,long,2024-01-23 04:00:00,2031.719971,2031.719971,30.4758,2001.244171,,0,donchian_breakout
2026-09-07T12:55:15.865576Z,exit,GOLD_CFD,long,2024-02-05 04:00:00,2027.589966,2031.719971,30.475799565,2029.7817284093787,-0.3489,13,trail_stop
2026-09-07T12:55:15.865576Z,entry,GOLD_CFD,short,2024-02-05 12:00:00,2017.900024,2017.900024,30.2685,2048.168524,,0,donchian_breakout
2026-09-07T12:55:15.865576Z,exit,GOLD_CFD,short,2024-02-16 08:00:00,2007.380005,2017.900024,30.26850036,2006.944249344882,0.1742,10,trail_stop
2026-09-07T12:55:15.865576Z,entry,GOLD_CFD,long,2024-02-16 20:00:00,2013.310059,2013.310059,30.199651,1983.110408,,0,donchian_breakout
2026-09-07T12:55:15.865576Z,exit,GOLD_CFD,long,2024-03-08 12:00:00,2177.159912,2013.310059,30.199650884999997,2145.048186521249,5.1189,20,time_limit
2026-09-07T12:55:15.865576Z,entry,GOLD_CFD,long,2024-03-08 20:00:00,2179.159912,2179.159912,33.747239,2145.412673,,0,donchian_breakout
2026-09-07T12:55:15.865576Z,exit,GOLD_CFD,long,2024-03-14 12:00:00,2157.27002,2179.159912,33.74723949953517,2158.6504685357927,-0.752,5,trail_stop
2026-09-07T12:55:15.865576Z,entry,GOLD_CFD,short,2024-03-15 16:00:00,2156.879883,2156.879883,32.353198,2189.233081,,0,donchian_breakout
2026-09-07T12:55:15.865576Z,exit,GOLD_CFD,short,2024-03-20 16:00:00,2182.899902,2156.879883,32.353198245,2166.9950425855263,-0.9109,5,trail_stop
2026-09-07T12:55:15.865576Z,entry,GOLD_CFD,long,2024-03-20 20:00:00,2204.02002,2204.02002,33.961642,2170.058378,,0,donchian_breakout
2026-09-07T12:55:15.865576Z,exit,GOLD_CFD,long,2024-03-22 04:00:00,2168.47998,2204.02002,33.96164200233271,2171.911551534211,-1.0984,1,trail_stop
2026-09-07T12:55:15.865576Z,entry,GOLD_CFD,long,2024-03-28 08:00:00,2210.439941,2210.439941,33.156599,2177.283342,,0,donchian_breakout
2026-09-07T12:55:15.865576Z,exit,GOLD_CFD,long,2024-04-12 17:00:00,2344.25,2210.439941,33.156599115,2347.9990002531404,3.7957,15,trail_stop
2026-09-07T12:55:15.865576Z,entry,GOLD_CFD,long,2024-04-16 13:00:00,2397.469971,2397.469971,64.401297,2333.068674,,0,donchian_breakout
2026-09-07T12:55:15.865576Z,exit,GOLD_CFD,long,2024-04-22 09:00:00,2336.949951,2397.469971,64.4012970236619,2346.676021281817,-0.9993,5,trail_stop
2026-09-07T12:55:15.865576Z,entry,GOLD_CFD,short,2024-04-22 13:00:00,2329.899902,2329.899902,56.27896,2386.178862,,0,donchian_breakout
2026-09-07T12:55:15.865576Z,exit,GOLD_CFD,short,2024-05-01 21:00:00,2324.620117,2329.899902,56.27895978268743,2321.8552367118295,-0.0055,9,trail_stop
2026-09-07T12:55:15.865576Z,entry,GOLD_CFD,long,2024-05-06 13:00:00,2325.590088,2325.590088,43.783258,2281.80683,,0,donchian_breakout
2026-09-07T12:55:15.865576Z,exit,GOLD_CFD,long,2024-05-22 13:00:00,2392.060059,2325.590088,43.78325786450435,2401.9766579816583,1.3163,16,trail_stop
2026-09-07T12:55:15.865576Z,entry,GOLD_CFD,short,2024-05-22 17:00:00,2378.75,2378.75,45.168613,2423.918613,,0,donchian_breakout
2026-09-07T12:55:15.865576Z,exit,GOLD_CFD,short,2024-05-28 17:00:00,2361.280029,2378.75,45.16861308279624,2360.3394684232558,0.292,6,trail_stop
2026-09-07T12:55:15.865576Z,entry,GOLD_CFD,short,2024-05-30 05:00:00,2335.070068,2335.070068,35.026051,2370.096119,,0,donchian_breakout
2026-09-07T12:55:15.865576Z,exit,GOLD_CFD,short,2024-06-05 17:00:00,2355.300049,2335.070068,35.02605102,2355.2622625073814,-0.6976,6,trail_stop
2026-09-07T12:55:15.865576Z,entry,GOLD_CFD,long,2024-06-05 21:00:00,2355.780029,2355.780029,35.3367,2320.443329,,0,donchian_breakout
2026-09-07T12:55:15.865576Z,exit,GOLD_CFD,long,2024-06-07 05:00:00,2347.399902,2355.780029,35.336700435,2350.2970332939167,-0.2905,1,trail_stop
2026-09-07T12:55:15.865576Z,entry,GOLD_CFD,short,2024-06-07 09:00:00,2319.47998,2319.47998,47.767802,2367.247782,,0,donchian_breakout
2026-09-07T12:55:15.865576Z,exit,GOLD_CFD,short,2024-06-12 09:00:00,2336.050049,2319.47998,47.76780243534756,2328.3217013623084,-0.4246,5,trail_stop
2026-09-07T12:55:15.865576Z,entry,GOLD_CFD,long,2024-06-20 01:00:00,2340.51001,2340.51001,35.10765,2305.40236,,0,donchian_breakout
2026-09-07T12:55:15.865576Z,exit,GOLD_CFD,long,2024-06-21 13:00:00,2324.77002,2340.51001,35.10765015,2334.8834497357702,-0.5017,1,trail_stop
2026-09-07T12:55:15.865576Z,entry,GOLD_CFD,short,2024-06-23 21:00:00,2320.98999,2320.98999,34.81485,2355.80484,,0,donchian_breakout
2026-09-07T12:55:15.865576Z,exit,GOLD_CFD,short,2024-06-27 17:00:00,2327.620117,2320.98999,34.81484985,2325.8781695338193,-0.2704,3,trail_stop
2026-09-07T12:55:15.865576Z,entry,GOLD_CFD,long,2024-06-28 09:00:00,2335.51001,2335.51001,35.03265,2300.47736,,0,donchian_breakout
2026-09-07T12:55:15.865576Z,exit,GOLD_CFD,long,2024-07-08 13:00:00,2358.76001,2335.51001,35.032650149999995,2363.0262479256344,0.4903,10,trail_stop
2026-09-07T12:55:15.865576Z,entry,GOLD_CFD,long,2024-07-11 09:00:00,2406.47998,2406.47998,36.0972,2370.38278,,0,donchian_breakout
2026-09-07T12:55:15.865576Z,exit,GOLD_CFD,long,2024-07-18 21:00:00,2434.429932,2406.47998,36.0971997,2437.443710739756,0.641,7,trail_stop
2026-09-07T12:55:15.865576Z,entry,GOLD_CFD,short,2024-07-19 05:00:00,2420.530029,2420.530029,40.211912,2460.741941,,0,donchian_breakout
2026-09-07T12:55:15.865576Z,exit,GOLD_CFD,short,2024-07-30 13:00:00,2400.320068,2420.530029,40.21191155939817,2398.4321629580327,0.334,11,trail_stop
2026-09-07T12:55:15.865576Z,entry,GOLD_CFD,long,2024-07-30 17:00:00,2411.050049,2411.050049,36.898256,2374.151793,,0,donchian_breakout
2026-09-07T12:55:15.865576Z,exit,GOLD_CFD,long,2024-08-04 21:00:00,2422.340088,2411.050049,36.898256417895475,2428.5581353434454,0.2014,5,trail_stop
2026-09-07T12:55:15.865576Z,entry,GOLD_CFD,short,2024-08-05 09:00:00,2374.600098,2374.600098,73.402569,2448.002667,,0,donchian_breakout
2026-09-07T12:55:15.865576Z,exit,GOLD_CFD,short,2024-08-08 17:00:00,2427.27002,2374.600098,73.40256853201916,2425.2535878043695,-0.7564,3,trail_stop
2026-09-07T12:55:15.865576Z,entry,GOLD_CFD,long,2024-08-09 09:00:00,2429.719971,2429.719971,44.963404,2384.756567,,0,donchian_breakout
2026-09-07T12:55:15.865576Z,exit,GOLD_CFD,long,2024-08-22 13:00:00,2484.469971,2429.719971,44.96340368671041,2489.037499466647,1.0447,13,trail_stop
2026-09-07T12:55:15.865576Z,entry,GOLD_CFD,long,2024-08-26 05:00:00,2524.320068,2524.320068,37.864801,2486.455267,,0,donchian_breakout
2026-09-07T12:55:15.865576Z,exit,GOLD_CFD,long,2024-09-03 09:00:00,2493.340088,2524.320068,37.86480102,2496.0072149215366,-0.9648,8,trail_stop
2026-09-07T12:55:15.865576Z,entry,GOLD_CFD,short,2024-09-03 13:00:00,2486.27002,2486.27002,37.29405,2523.56407,,0,donchian_breakout
2026-09-07T12:55:15.865576Z,exit,GOLD_CFD,short,2024-09-05 05:00:00,2514.77002,2486.27002,37.294050299999995,2505.812430658954,-0.8175,1,trail_stop
2026-09-07T12:55:15.865576Z,entry,GOLD_CFD,long,2024-09-05 09:00:00,2517.850098,2517.850098,37.767751,2480.082347,,0,donchian_breakout
2026-09-07T12:55:15.865576Z,exit,GOLD_CFD,long,2024-09-06 13:00:00,2489.070068,2517.850098,37.76775147,2489.3912025169557,-0.8154,1,trail_stop
2026-09-07T12:55:15.865576Z,entry,GOLD_CFD,long,2024-09-11 05:00:00,2524.360107,2524.360107,37.865402,2486.494705,,0,donchian_breakout
2026-09-07T12:55:15.865576Z,exit,GOLD_CFD,long,2024-09-30 09:00:00,2639.189941,2524.360107,37.865401604999995,2642.3756276896956,2.7392,19,trail_stop
2026-09-07T12:55:15.865576Z,entry,GOLD_CFD,short,2024-09-30 13:00:00,2639.149902,2639.149902,39.964791,2679.114693,,0,donchian_breakout
2026-09-07T12:55:15.865576Z,exit,GOLD_CFD,short,2024-10-11 12:00:00,2658.850098,2639.149902,39.96479148302239,2646.3961891732324,-0.6646,10,trail_stop
2026-09-07T12:55:15.865576Z,entry,GOLD_CFD,long,2024-10-14 04:00:00,2660.51001,2660.51001,39.90765,2620.60236,,0,donchian_breakout
2026-09-07T12:55:15.865576Z,exit,GOLD_CFD,long,2024-10-23 12:00:00,2721.98999,2660.51001,39.907650149999995,2724.6303005911664,1.3806,9,trail_stop
2026-09-07T12:55:15.865576Z,entry,GOLD_CFD,long,2024-10-29 00:00:00,2751.780029,2751.780029,41.2767,2710.503329,,0,donchian_breakout
2026-09-07T12:55:15.865576Z,exit,GOLD_CFD,long,2024-10-31 12:00:00,2740.689941,2751.780029,41.276700435,2757.5736688171273,-0.3353,2,trail_stop
2026-09-07T12:55:15.865576Z,entry,GOLD_CFD,short,2024-11-01 16:00:00,2734.159912,2734.159912,41.012399,2775.172311,,0,donchian_breakout
2026-09-07T12:55:15.865576Z,exit,GOLD_CFD,short,2024-11-18 12:00:00,2613.060059,2734.159912,41.01239868,2596.140594295857,2.6994,16,trail_stop
2026-09-07T12:55:15.865576Z,entry,GOLD_CFD,long,2024-11-19 00:00:00,2624.52002,2624.52002,42.712725,2581.807295,,0,donchian_breakout
2026-09-07T12:55:15.865576Z,exit,GOLD_CFD,long,2024-11-25 00:00:00,2672.310059,2624.52002,42.712725308658605,2681.079126350594,1.0083,6,trail_stop
2026-09-07T12:55:15.865576Z,entry,GOLD_CFD,short,2024-11-25 16:00:00,2625.72998,2625.72998,60.848819,2686.578799,,0,donchian_breakout
2026-09-07T12:55:15.865576Z,exit,GOLD_CFD,short,2024-11-29 00:00:00,2660.090088,2625.72998,60.848819282069826,2652.634629556761,-0.6165,3,trail_stop
2026-09-07T12:55:15.865576Z,entry,GOLD_CFD,long,2024-11-29 04:00:00,2660.659912,2660.659912,43.783133,2616.876779,,0,donchian_breakout
2026-09-07T12:55:15.865576Z,exit,GOLD_CFD,long,2024-12-13 08:00:00,2665.090088,2660.659912,43.783132587206936,2679.539510781985,-0.1054,14,trail_stop
2026-09-07T12:55:15.865576Z,entry,GOLD_CFD,short,2024-12-13 12:00:00,2660.100098,2660.100098,44.111042,2704.21114,,0,donchian_breakout
2026-09-07T12:55:15.865576Z,exit,GOLD_CFD,short,2024-12-20 12:00:00,2630.399902,2660.100098,44.111042249837496,2628.305264528567,0.5527,7,trail_stop
2026-09-07T12:55:15.865576Z,entry,GOLD_CFD,long,2024-12-26 12:00:00,2636.52002,2636.52002,39.5478,2596.97222,,0,donchian_breakout
2026-09-07T12:55:15.865576Z,exit,GOLD_CFD,long,2024-12-30 12:00:00,2601.719971,2636.52002,39.5478003,2608.59465601855,-0.9733,4,trail_stop
2026-09-07T12:55:15.865576Z,entry,GOLD_CFD,long,2025-01-02 04:00:00,2636.100098,2636.100098,39.541501,2596.558597,,0,donchian_breakout
2026-09-07T12:55:15.865576Z,exit,GOLD_CFD,long,2025-01-06 04:00:00,2626.939941,2636.100098,39.54150147,2633.943855802088,-0.325,4,trail_stop
2026-09-07T12:55:15.865576Z,entry,GOLD_CFD,long,2025-01-08 12:00:00,2665.929932,2665.929932,39.988949,2625.940983,,0,donchian_breakout
2026-09-07T12:55:15.865576Z,exit,GOLD_CFD,long,2025-01-13 16:00:00,2658.97998,2665.929932,39.988948979999996,2660.3713443979454,-0.2805,5,trail_stop
2026-09-07T12:55:15.865576Z,entry,GOLD_CFD,long,2025-01-15 16:00:00,2693.939941,2693.939941,40.409099,2653.530842,,0,donchian_breakout
2026-09-07T12:55:15.865576Z,exit,GOLD_CFD,long,2025-01-27 12:00:00,2741.939941,2693.939941,40.409099115,2746.738391771494,1.0012,11,trail_stop
2026-09-07T12:55:15.865576Z,entry,GOLD_CFD,short,2025-01-27 16:00:00,2739.379883,2739.379883,41.090698,2780.470581,,0,donchian_breakout
2026-09-07T12:55:15.865576Z,exit,GOLD_CFD,short,2025-01-30 04:00:00,2769.219971,2739.379883,41.090698245,2768.603721415058,-0.7929,2,trail_stop
2026-09-07T12:55:15.865576Z,entry,GOLD_CFD,long,2025-01-30 08:00:00,2777.699951,2777.699951,41.665499,2736.034452,,0,donchian_breakout
2026-09-07T12:55:15.865576Z,exit,GOLD_CFD,long,2025-02-03 00:00:00,2774.560059,2777.699951,41.665499265,2777.605754967417,-0.1554,3,trail_stop
2026-09-07T12:55:15.865576Z,entry,GOLD_CFD,long,2025-02-03 12:00:00,2817.5,2817.5,42.715901,2774.784099,,0,donchian_breakout
2026-09-07T12:55:15.865576Z,exit,GOLD_CFD,long,2025-02-14 16:00:00,2880.76001,2817.5,42.715901298774476,2889.250880012234,1.2963,11,trail_stop
2026-09-07T12:55:15.865576Z,entry,GOLD_CFD,short,2025-02-16 20:00:00,2879.310059,2879.310059,48.277891,2927.58795,,0,donchian_breakout
2026-09-07T12:55:15.865576Z,exit,GOLD_CFD,short,2025-02-18 12:00:00,2927.379883,2879.310059,48.27789079819817,2919.933042501111,-1.0434,1,trail_stop
2026-09-07T12:55:15.865576Z,entry,GOLD_CFD,long,2025-02-18 16:00:00,2935.850098,2935.850098,44.037751,2891.812347,,0,donchian_breakout
2026-09-07T12:55:15.865576Z,exit,GOLD_CFD,long,2025-02-25 12:00:00,2905.840088,2935.850098,44.037751469999996,2912.071844765362,-0.8015,6,trail_stop
2026-09-07T12:55:15.865576Z,entry,GOLD_CFD,short,2025-02-27 00:00:00,2905.790039,2905.790039,44.389438,2950.179477,,0,donchian_breakout
2026-09-07T12:55:15.865576Z,exit,GOLD_CFD,short,2025-03-04 04:00:00,2900.040039,2905.790039,44.38943846498226,2896.2888154637694,0.0248,5,trail_stop
2026-09-07T12:55:15.865576Z,entry,GOLD_CFD,long,2025-03-04 08:00:00,2920.129883,2920.129883,48.895846,2871.234037,,0,donchian_breakout
2026-09-07T12:55:15.865576Z,exit,GOLD_CFD,long,2025-03-21 12:00:00,3011.209961,2920.129883,48.89584585293558,3013.080900769225,1.6239,17,trail_stop
2026-09-07T12:55:15.865576Z,entry,GOLD_CFD,short,2025-03-24 16:00:00,3006.189941,3006.189941,45.092849,3051.28279,,0,donchian_breakout
2026-09-07T12:55:15.865576Z,exit,GOLD_CFD,short,2025-03-27 08:00:00,3054.669922,3006.189941,45.092849115,3042.11848315494,-1.1418,2,trail_stop
2026-09-07T12:55:15.865576Z,entry,GOLD_CFD,long,2025-03-27 16:00:00,3057.580078,3057.580078,45.863701,3011.716377,,0,donchian_breakout
2026-09-07T12:55:15.865576Z,exit,GOLD_CFD,long,2025-04-03 08:00:00,3093.179932,3057.580078,45.86370117,3101.332604150117,0.6562,6,trail_stop
2026-09-07T12:55:15.865576Z,entry,GOLD_CFD,short,2025-04-04 04:00:00,3092.909912,3092.909912,75.507418,3168.41733,,0,donchian_breakout
2026-09-07T12:55:15.865576Z,exit,GOLD_CFD,short,2025-04-09 13:00:00,3092.370117,3092.909912,75.50741825727044,3063.640848973114,-0.0584,5,trail_stop
2026-09-07T12:55:15.865576Z,entry,GOLD_CFD,long,2025-04-09 21:00:00,3097.439941,3097.439941,104.777534,2992.662407,,0,donchian_breakout
2026-09-07T12:55:15.865576Z,exit,GOLD_CFD,long,2025-04-22 17:00:00,3394.4,3097.439941,104.77753440374198,3403.6770351146083,2.7455,12,trail_stop
2026-09-07T12:55:15.865576Z,entry,GOLD_CFD,short,2025-04-23 13:00:00,3309.0,3309.0,119.33445,3428.33445,,0,donchian_breakout
2026-09-07T12:55:15.865576Z,exit,GOLD_CFD,short,2025-05-05 05:00:00,3282.62,3309.0,119.33444971443991,3276.1554385685795,0.1434,11,trail_stop
2026-09-07T12:55:15.865576Z,entry,GOLD_CFD,long,2025-05-05 09:00:00,3319.62,3319.62,65.394599,3254.225401,,0,donchian_breakout
2026-09-07T12:55:15.865576Z,exit,GOLD_CFD,long,2025-05-08 05:00:00,3339.25,3319.62,65.39459859153376,3355.784481645907,0.2494,2,trail_stop
2026-09-07T12:55:15.865576Z,entry,GOLD_CFD,short,2025-05-08 17:00:00,3309.4,3309.4,98.773021,3408.173021,,0,donchian_breakout
2026-09-07T12:55:15.865576Z,exit,GOLD_CFD,short,2025-05-15 17:00:00,3244.5,3309.4,98.77302129248037,3222.706859577225,0.5901,7,trail_stop
2026-09-07T12:55:15.865576Z,entry,GOLD_CFD,long,2025-05-18 21:00:00,3246.38,3246.38,67.320164,3179.059836,,0,donchian_breakout
2026-09-07T12:55:15.865576Z,exit,GOLD_CFD,long,2025-05-27 05:00:00,3303.5,3246.38,67.32016406923918,3315.008209007049,0.7424,8,trail_stop
2026-09-07T12:55:15.865576Z,entry,GOLD_CFD,short,2025-05-27 09:00:00,3299.1,3299.1,55.474018,3354.574018,,0,donchian_breakout
2026-09-07T12:55:15.865576Z,exit,GOLD_CFD,short,2025-06-02 05:00:00,3352.0,3299.1,55.47401778845244,3316.776264502758,-1.0488,5,trail_stop
2026-09-07T12:55:15.865576Z,entry,GOLD_CFD,long,2025-06-02 09:00:00,3355.32,3355.32,56.276281,3299.043719,,0,donchian_breakout
2026-09-07T12:55:15.865576Z,exit,GOLD_CFD,long,2025-06-06 13:00:00,3322.59,3355.32,56.27628124904388,3327.1997181583674,-0.6651,4,trail_stop
2026-09-07T12:55:15.865576Z,entry,GOLD_CFD,short,2025-06-06 17:00:00,3310.1,3310.1,65.634499,3375.734499,,0,donchian_breakout
2026-09-07T12:55:15.865576Z,exit,GOLD_CFD,short,2025-06-11 21:00:00,3365.71,3310.1,65.63449948742216,3353.0335789354463,-0.928,5,trail_stop
2026-09-07T12:55:15.865576Z,entry,GOLD_CFD,long,2025-06-12 01:00:00,3370.3,3370.3,59.665763,3310.634237,,0,donchian_breakout
2026-09-07T12:55:15.865576Z,exit,GOLD_CFD,long,2025-06-16 13:00:00,3399.38,3370.3,59.665762968801644,3402.682295735864,0.4083,4,trail_stop
2026-09-07T12:55:15.865576Z,entry,GOLD_CFD,short,2025-06-17 05:00:00,3379.13,3379.13,60.342297,3439.472297,,0,donchian_breakout
2026-09-07T12:55:15.865576Z,exit,GOLD_CFD,short,2025-06-22 13:00:00,3418.0,3379.13,60.34229693848152,3392.3377052313353,-0.7338,5,trail_stop
2026-09-07T12:55:15.865576Z,entry,GOLD_CFD,short,2025-06-24 05:00:00,3330.3,3330.3,75.822827,3406.122827,,0,donchian_breakout
2026-09-07T12:55:15.865576Z,exit,GOLD_CFD,short,2025-07-01 01:00:00,3318.9,3330.3,75.82282744457883,3314.12934481419,0.0713,6,trail_stop
2026-09-07T12:55:15.865576Z,entry,GOLD_CFD,long,2025-07-01 05:00:00,3339.629883,3339.629883,51.090816,3288.539067,,0,donchian_breakout
2026-09-07T12:55:15.865576Z,exit,GOLD_CFD,long,2025-07-07 01:00:00,3307.820068,3339.629883,51.09081589889061,3323.1198922242866,-0.7272,5,trail_stop
2026-09-07T12:55:15.865576Z,entry,GOLD_CFD,short,2025-07-08 13:00:00,3300.209961,3300.209961,49.503149,3349.71311,,0,donchian_breakout
2026-09-07T12:55:15.865576Z,exit,GOLD_CFD,short,2025-07-10 21:00:00,3330.44,3300.209961,49.503149414999996,3329.9881888327436,-0.6773,2,trail_stop
2026-09-07T12:55:15.865576Z,entry,GOLD_CFD,long,2025-07-11 09:00:00,3355.219971,3355.219971,50.3283,3304.891671,,0,donchian_breakout
2026-09-07T12:55:15.865576Z,exit,GOLD_CFD,long,2025-07-15 17:00:00,3324.6,3355.219971,50.328299564999995,3329.2471687486527,-0.7017,4,trail_stop
2026-09-07T12:55:15.865576Z,entry,GOLD_CFD,short,2025-07-17 09:00:00,3313.169922,3313.169922,49.745631,3362.915553,,0,donchian_breakout
2026-09-07T12:55:15.865576Z,exit,GOLD_CFD,short,2025-07-20 21:00:00,3352.2,3313.169922,49.745630716633215,3348.534274886189,-0.8645,3,trail_stop
2026-09-07T12:55:15.865576Z,entry,GOLD_CFD,long,2025-07-21 05:00:00,3365.86,3365.86,50.4879,3315.3721,,0,donchian_breakout
2026-09-07T12:55:15.865576Z,exit,GOLD_CFD,long,2025-07-23 13:00:00,3389.8,3365.86,50.4879,3392.3281955819875,0.4075,2,trail_stop
2026-09-07T12:55:15.865576Z,entry,GOLD_CFD,short,2025-07-25 01:00:00,3360.949951,3360.949951,50.414249,3411.3642,,0,donchian_breakout
2026-09-07T12:55:15.865576Z,exit,GOLD_CFD,short,2025-08-01 09:00:00,3341.4,3360.949951,50.414249265,3334.5641454307543,0.2545,7,trail_stop
2026-09-07T12:55:15.865576Z,entry,GOLD_CFD,long,2025-08-01 13:00:00,3346.02,3346.02,51.673874,3294.346126,,0,donchian_breakout
2026-09-07T12:55:15.865576Z,exit,GOLD_CFD,long,2025-08-11 09:00:00,3351.75,3346.02,51.673873689834615,3356.0851936519243,-0.0445,9,trail_stop
2026-09-07T12:55:15.865576Z,entry,GOLD_CFD,short,2025-08-11 13:00:00,3340.98,3340.98,50.1147,3391.0947,,0,donchian_breakout
2026-09-07T12:55:15.865576Z,exit,GOLD_CFD,short,2025-08-22 13:00:00,3354.69,3340.98,50.1147,3341.337161650517,-0.4602,11,trail_stop
2026-09-07T12:55:15.865576Z,entry,GOLD_CFD,long,2025-08-22 17:00:00,3363.42,3363.42,50.4513,3312.9687,,0,donchian_breakout
2026-09-07T12:55:15.865576Z,exit,GOLD_CFD,long,2025-09-10 05:00:00,3650.13,3363.42,50.451299999999996,3611.3342191009424,5.4029,18,time_limit
2026-09-07T12:55:15.865576Z,entry,GOLD_CFD,long,2025-09-15 09:00:00,3658.38,3658.38,54.8757,3603.5043,,0,donchian_breakout
2026-09-07T12:55:15.865576Z,exit,GOLD_CFD,long,2025-09-18 13:00:00,3650.35,3658.38,54.8757,3659.067733703299,-0.2263,3,trail_stop
2026-09-07T12:55:15.865576Z,entry,GOLD_CFD,short,2025-09-18 17:00:00,3647.61,3647.61,54.71415,3702.32415,,0,donchian_breakout
2026-09-07T12:55:15.865576Z,exit,GOLD_CFD,short,2025-09-21 21:00:00,3695.18,3647.61,54.71415,3691.9088238097106,-0.9494,3,trail_stop
2026-09-07T12:55:15.865576Z,entry,GOLD_CFD,long,2025-09-22 01:00:00,3695.29,3695.29,55.42935,3639.86065,,0,donchian_breakout
2026-09-07T12:55:15.865576Z,exit,GOLD_CFD,long,2025-10-09 08:00:00,4058.99,3695.29,55.42935,3989.1617493748354,6.2948,17,time_limit
2026-09-07T12:55:15.865576Z,entry,GOLD_CFD,long,2025-10-13 04:00:00,4071.01,4071.01,144.603792,3926.406208,,0,donchian_breakout
2026-09-07T12:55:15.865576Z,exit,GOLD_CFD,long,2025-10-17 12:00:00,4253.1,4071.01,144.6037922923714,4280.358559153195,1.2198,4,trail_stop
2026-09-07T12:55:15.865576Z,entry,GOLD_CFD,short,2025-10-21 12:00:00,4139.2,4139.2,187.388675,4326.588675,,0,donchian_breakout
2026-09-07T12:55:15.865576Z,exit,GOLD_CFD,short,2025-11-06 08:00:00,4015.75,4139.2,187.38867478147205,4015.0451260715436,0.5793,15,trail_stop
2026-09-07T12:55:15.865576Z,entry,GOLD_CFD,long,2025-11-10 00:00:00,4044.88,4044.88,69.9316,3974.9484,,0,donchian_breakout
2026-09-07T12:55:15.865576Z,exit,GOLD_CFD,long,2025-11-14 08:00:00,4133.50977,4044.88,69.93159956900486,4150.879459320509,1.1864,4,trail_stop
2026-09-07T12:55:15.865576Z,entry,GOLD_CFD,short,2025-11-14 12:00:00,4090.98202,4090.98202,117.681107,4208.663127,,0,donchian_breakout
2026-09-07T12:55:15.865576Z,exit,GOLD_CFD,short,2025-11-19 08:00:00,4113.35067,4090.98202,117.6811071523538,4100.376085422169,-0.2387,4,trail_stop
2026-09-07T12:55:15.865576Z,entry,GOLD_CFD,long,2025-11-24 12:00:00,4091.3445,4091.3445,69.068378,4022.276122,,0,donchian_breakout
2026-09-07T12:55:15.865576Z,exit,GOLD_CFD,long,2025-12-02 12:00:00,4168.91072,4091.3445,69.06837758243698,4192.396229477163,0.9927,8,trail_stop
2026-09-07T12:55:15.865576Z,entry,GOLD_CFD,long,2025-12-05 12:00:00,4241.85833,4241.85833,68.356667,4173.501663,,0,donchian_breakout
2026-09-07T12:55:15.865576Z,exit,GOLD_CFD,long,2025-12-08 12:00:00,4183.02766,4241.85833,68.35666651876178,4197.616230855782,-0.9351,3,trail_stop
2026-09-07T12:55:15.865576Z,entry,GOLD_CFD,short,2025-12-09 04:00:00,4182.38547,4182.38547,62.735782,4245.121252,,0,donchian_breakout
2026-09-07T12:55:15.865576Z,exit,GOLD_CFD,short,2025-12-11 12:00:00,4253.80102,4182.38547,62.73578205,4232.7529876014605,-1.205,2,trail_stop
2026-09-07T12:55:15.865576Z,entry,GOLD_CFD,long,2025-12-11 16:00:00,4273.56204,4273.56204,68.671183,4204.890857,,0,donchian_breakout
2026-09-07T12:55:15.865576Z,exit,GOLD_CFD,long,2025-12-16 04:00:00,4287.48106,4273.56204,68.67118312856682,4288.0467765250705,0.1156,4,trail_stop
2026-09-07T12:55:15.865576Z,entry,GOLD_CFD,short,2025-12-16 08:00:00,4278.45556,4278.45556,64.176833,4342.632393,,0,donchian_breakout
2026-09-07T12:55:15.865576Z,exit,GOLD_CFD,short,2025-12-19 12:00:00,4348.66343,4278.45556,64.1768334,4339.917608240572,-1.174,3,trail_stop
2026-09-07T12:55:15.865576Z,entry,GOLD_CFD,long,2025-12-21 20:00:00,4354.8705,4354.8705,65.323058,4289.547443,,0,donchian_breakout
2026-09-07T12:55:15.865576Z,exit,GOLD_CFD,long,2025-12-29 04:00:00,4475.06894,4354.8705,65.3230575,4504.491574262073,1.7067,7,trail_stop
2026-09-07T12:55:15.865576Z,entry,GOLD_CFD,short,2025-12-29 08:00:00,4443.4338,4443.4338,68.54639,4511.98019,,0,donchian_breakout
2026-09-07T12:55:15.865576Z,exit,GOLD_CFD,short,2026-01-02 08:00:00,4392.52596,4443.4338,68.54638999273502,4385.962489092603,0.6519,4,trail_stop
2026-09-07T12:55:15.865576Z,entry,GOLD_CFD,long,2026-01-05 00:00:00,4402.37387,4402.37387,66.035608,4336.338262,,0,donchian_breakout
2026-09-07T12:55:15.865576Z,exit,GOLD_CFD,long,2026-01-18 12:00:00,4595.24858,4402.37387,66.03560805000001,4597.642385006355,2.7074,13,trail_stop
2026-09-07T12:55:15.865576Z,entry,GOLD_CFD,long,2026-01-18 20:00:00,4673.97671,4673.97671,70.109651,4603.867059,,0,donchian_breakout
2026-09-07T12:55:15.865576Z,exit,GOLD_CFD,long,2026-01-29 12:00:00,5185.84741,4673.97671,70.10965064999999,5353.214225193248,7.1277,10,trail_stop
2026-09-07T12:55:15.865576Z,entry,GOLD_CFD,short,2026-01-30 12:00:00,5051.45062,5051.45062,386.021235,5437.471855,,0,donchian_breakout
2026-09-07T12:55:15.865576Z,exit,GOLD_CFD,short,2026-02-03 04:00:00,4918.39003,5051.45062,386.02123472003177,4892.624440388031,0.329,3,trail_stop
2026-09-07T12:55:15.865576Z,entry,GOLD_CFD,long,2026-02-03 12:00:00,4932.85977,4932.85977,320.71467,4612.1451,,0,donchian_breakout
2026-09-07T12:55:15.865576Z,exit,GOLD_CFD,long,2026-02-05 20:00:00,4704.34443,4932.85977,320.71466970589023,4790.487654000177,-0.7279,2,trail_stop
2026-09-07T12:55:15.865576Z,entry,GOLD_CFD,long,2026-02-08 16:00:00,5011.356234,5011.356234,158.232153,4853.124081,,0,donchian_breakout
2026-09-07T12:55:15.865576Z,exit,GOLD_CFD,long,2026-02-12 16:00:00,4945.1794,5011.356234,158.23215309303492,4976.639289299787,-0.4626,4,trail_stop
2026-09-07T12:55:15.865576Z,entry,GOLD_CFD,short,2026-02-12 20:00:00,4918.33888,4918.33888,163.269699,5081.608579,,0,donchian_breakout
2026-09-07T12:55:15.865576Z,exit,GOLD_CFD,short,2026-02-14 12:00:00,5043.08832,4918.33888,163.2696989711017,5040.096938520245,-0.7882,1,trail_stop
2026-09-07T12:55:15.865576Z,entry,GOLD_CFD,short,2026-02-17 00:00:00,4957.40951,4957.40951,85.854439,5043.263949,,0,donchian_breakout
2026-09-07T12:55:15.865576Z,exit,GOLD_CFD,short,2026-02-18 12:00:00,4997.04707,4957.40951,85.85443866572366,4970.41449191674,-0.5079,1,trail_stop
2026-09-07T12:55:15.865576Z,entry,GOLD_CFD,long,2026-02-19 12:00:00,5011.25993,5011.25993,118.295962,4892.963968,,0,donchian_breakout
2026-09-07T12:55:15.865576Z,exit,GOLD_CFD,long,2026-02-24 20:00:00,5147.41723,5011.25993,118.29596200203139,5148.348522813009,1.0832,5,trail_stop
2026-09-07T12:55:15.865576Z,entry,GOLD_CFD,long,2026-02-27 12:00:00,5242.16654,5242.16654,111.212244,5130.954296,,0,donchian_breakout
2026-09-07T12:55:15.865576Z,exit,GOLD_CFD,long,2026-03-02 12:00:00,5315.25595,5242.16654,111.21224411866021,5317.299245345957,0.6006,3,trail_stop
2026-09-07T12:55:15.865576Z,entry,GOLD_CFD,short,2026-03-03 08:00:00,5149.6461,5149.6461,176.152967,5325.799067,,0,donchian_breakout
2026-09-07T12:55:15.865576Z,exit,GOLD_CFD,short,2026-03-08 04:00:00,5171.11635,5149.6461,176.15296730440105,5164.846068472001,-0.1628,4,trail_stop
2026-09-07T12:55:15.865576Z,entry,GOLD_CFD,long,2026-03-10 04:00:00,5179.32274,5179.32274,129.949607,5049.373133,,0,donchian_breakout
2026-09-07T12:55:15.865576Z,exit,GOLD_CFD,long,2026-03-12 16:00:00,5083.42129,5179.32274,129.9496073848474,5110.810356165051,-0.7778,2,trail_stop
2026-09-07T12:55:15.865576Z,entry,GOLD_CFD,short,2026-03-13 12:00:00,5037.245352,5037.245352,137.554874,5174.800226,,0,donchian_breakout
2026-09-07T12:55:15.865576Z,exit,GOLD_CFD,short,2026-03-23 16:00:00,4400.00688,5037.245352,137.5548740673307,4378.8526114410115,4.5374,10,trail_stop
2026-09-07T12:55:15.865576Z,entry,GOLD_CFD,long,2026-03-24 20:00:00,4544.89644,4544.89644,266.268482,4278.627958,,0,donchian_breakout
2026-09-07T12:55:15.865576Z,exit,GOLD_CFD,long,2026-03-29 20:00:00,4448.37083,4544.89644,266.2684824086867,4486.183437770743,-0.3898,5,trail_stop
2026-09-07T12:55:15.865576Z,entry,GOLD_CFD,long,2026-03-30 04:00:00,4526.77722,4526.77722,119.070951,4407.706269,,0,donchian_breakout
2026-09-07T12:55:15.865576Z,exit,GOLD_CFD,long,2026-04-02 08:00:00,4600.37948,4526.77722,119.0709505895331,4629.42989492031,0.5725,3,trail_stop
2026-09-07T12:55:15.865576Z,entry,GOLD_CFD,short,2026-04-05 21:00:00,4622.81581,4622.81581,69.342237,4692.158047,,0,donchian_breakout
2026-09-07T12:55:15.865576Z,exit,GOLD_CFD,short,2026-04-06 05:00:00,4696.89539,4622.81581,69.34223715,4692.15804715,-1.1083,0,trail_stop
2026-09-07T12:55:15.865576Z,entry,GOLD_CFD,long,2026-04-07 17:00:00,4706.39311,4706.39311,111.3024,4595.09071,,0,donchian_breakout
2026-09-07T12:55:15.865576Z,exit,GOLD_CFD,long,2026-04-12 05:00:00,4750.4577,4706.39311,111.30240005786632,4752.2381999956615,0.3367,4,trail_stop
2026-09-07T12:55:15.865576Z,entry,GOLD_CFD,short,2026-04-12 21:00:00,4694.25742,4694.25742,73.269658,4767.527078,,0,donchian_breakout
2026-09-07T12:55:15.865576Z,exit,GOLD_CFD,short,2026-04-13 21:00:00,4769.98002,4694.25742,73.26965839165746,4767.527078391658,-1.0847,1,trail_stop
2026-09-07T12:55:15.865576Z,entry,GOLD_CFD,long,2026-04-14 01:00:00,4774.32999,4774.32999,78.13133,4696.19866,,0,donchian_breakout
2026-09-07T12:55:15.865576Z,exit,GOLD_CFD,long,2026-04-19 21:00:00,4772.74591,4774.32999,78.13132980871919,4823.0664515764565,-0.118,5,trail_stop
2026-09-07T12:55:15.865576Z,entry,GOLD_CFD,short,2026-04-21 13:00:00,4710.98361,4710.98361,85.082144,4796.065754,,0,donchian_breakout
2026-09-07T12:55:15.865576Z,exit,GOLD_CFD,short,2026-04-27 01:00:00,4725.3642,4710.98361,85.08214363815588,4720.074071967155,-0.2576,5,trail_stop
2026-09-07T12:55:15.865576Z,entry,GOLD_CFD,short,2026-04-27 13:00:00,4676.92644,4676.92644,70.153897,4747.080337,,0,donchian_breakout
2026-09-07T12:55:15.865576Z,exit,GOLD_CFD,short,2026-04-30 09:00:00,4639.42187,4676.92644,70.1538966,4628.671623919755,0.4679,2,trail_stop
2026-09-07T12:55:15.865576Z,entry,GOLD_CFD,long,2026-05-01 13:00:00,4640.89334,4640.89334,110.978083,4529.915257,,0,donchian_breakout
2026-09-07T12:55:15.865576Z,exit,GOLD_CFD,long,2026-05-04 05:00:00,4577.77316,4640.89334,110.9780828712156,4594.544672842783,-0.6106,2,trail_stop
2026-09-07T12:55:15.865576Z,entry,GOLD_CFD,short,2026-05-04 13:00:00,4509.24591,4509.24591,76.082515,4585.328425,,0,donchian_breakout
2026-09-07T12:55:15.865576Z,exit,GOLD_CFD,short,2026-05-05 21:00:00,4618.02024,4509.24591,76.08251450062568,4581.768934386981,-1.4771,1,trail_stop
2026-09-07T12:55:15.865576Z,entry,GOLD_CFD,long,2026-05-06 01:00:00,4650.27922,4650.27922,88.318492,4561.960728,,0,donchian_breakout
2026-09-07T12:55:15.865576Z,exit,GOLD_CFD,long,2026-05-10 21:00:00,4680.5461,4650.27922,88.31849210196054,4704.698941749363,0.269,4,trail_stop
2026-09-07T12:55:15.865576Z,entry,GOLD_CFD,short,2026-05-11 01:00:00,4674.67988,4674.67988,70.120198,4744.800078,,0,donchian_breakout
2026-09-07T12:55:15.865576Z,exit,GOLD_CFD,short,2026-05-11 17:00:00,4735.46064,4674.67988,70.12019819999999,4724.314042301987,-0.9068,0,trail_stop
2026-09-07T12:55:15.865576Z,entry,GOLD_CFD,long,2026-05-11 21:00:00,4752.17651,4752.17651,73.110718,4679.065792,,0,donchian_breakout
2026-09-07T12:55:15.865576Z,exit,GOLD_CFD,long,2026-05-12 13:00:00,4672.56871,4752.17651,73.11071824388344,4679.065791756117,-1.1279,0,trail_stop
2026-09-07T12:55:15.865576Z,entry,GOLD_CFD,short,2026-05-14 17:00:00,4651.91243,4651.91243,90.579261,4742.491691,,0,donchian_breakout
2026-09-07T12:55:15.865576Z,exit,GOLD_CFD,short,2026-05-18 09:00:00,4568.38369,4651.91243,90.57926086190628,4560.991214969022,0.8605,3,trail_stop
2026-09-07T12:55:15.865576Z,entry,GOLD_CFD,short,2026-05-19 17:00:00,4481.85399,4481.85399,89.636199,4571.490189,,0,donchian_breakout
2026-09-07T12:55:15.865576Z,exit,GOLD_CFD,short,2026-05-24 13:00:00,4505.65738,4481.85399,89.6361992869584,4504.029447624911,-0.3356,4,trail_stop
2026-09-07T12:55:15.865576Z,entry,GOLD_CFD,long,2026-05-24 21:00:00,4568.71546,4568.71546,68.530732,4500.184728,,0,donchian_breakout
2026-09-07T12:55:15.865576Z,exit,GOLD_CFD,long,2026-05-26 09:00:00,4520.73812,4568.71546,68.5307319,4521.559357226942,-0.7534,1,trail_stop
2026-09-07T12:55:15.865576Z,entry,GOLD_CFD,short,2026-05-27 05:00:00,4496.38042,4496.38042,70.999067,4567.379487,,0,donchian_breakout
2026-09-07T12:55:15.865576Z,exit,GOLD_CFD,short,2026-05-28 13:00:00,4509.01053,4496.38042,70.9990673210282,4470.49137198834,-0.2286,1,trail_stop
2026-09-07T12:55:15.865576Z,entry,GOLD_CFD,long,2026-05-29 13:00:00,4566.86892,4566.86892,108.453549,4458.415371,,0,donchian_breakout
2026-09-07T12:55:15.865576Z,exit,GOLD_CFD,long,2026-06-01 01:00:00,4514.02489,4566.86892,108.45354889064154,4521.9917674876715,-0.5294,2,trail_stop
2026-09-07T12:55:15.865576Z,entry,GOLD_CFD,short,2026-06-01 13:00:00,4478.99334,4478.99334,67.1849,4546.17824,,0,donchian_breakout
2026-09-07T12:55:15.865576Z,exit,GOLD_CFD,short,2026-06-11 17:00:00,4211.07514,4478.99334,67.1849001,4197.430029513089,3.8144,10,trail_stop
2026-09-07T12:55:15.865576Z,entry,GOLD_CFD,long,2026-06-14 21:00:00,4294.11045,4294.11045,77.683533,4216.426917,,0,donchian_breakout
2026-09-07T12:55:15.865576Z,exit,GOLD_CFD,long,2026-06-17 17:00:00,4258.07298,4294.11045,77.68353253129396,4279.060533029663,-0.5192,2,trail_stop
2026-09-07T12:55:15.865576Z,entry,GOLD_CFD,short,2026-06-18 09:00:00,4247.61844,4247.61844,113.812559,4361.430999,,0,donchian_breakout
2026-09-07T12:55:15.865576Z,exit,GOLD_CFD,short,2026-06-21 21:00:00,4194.08601,4247.61844,113.81255900474366,4174.272443831824,0.4256,3,trail_stop
2026-09-07T12:55:15.865576Z,entry,GOLD_CFD,long,2026-06-22 05:00:00,4195.08009,4195.08009,65.49168,4129.58841,,0,donchian_breakout
2026-09-07T12:55:15.865576Z,exit,GOLD_CFD,long,2026-06-23 01:00:00,4123.33723,4195.08009,65.49168023633962,4129.7595019233995,-1.1339,0,trail_stop
2026-09-07T12:55:15.865576Z,entry,GOLD_CFD,short,2026-06-23 05:00:00,4103.62106,4103.62106,81.28688,4184.90794,,0,donchian_breakout
2026-09-07T12:55:15.865576Z,exit,GOLD_CFD,short,2026-06-27 05:00:00,4080.89282,4103.62106,81.28687979114981,4080.5749805364244,0.2089,4,trail_stop
2026-09-07T12:55:15.865576Z,entry,GOLD_CFD,short,2026-06-29 13:00:00,4024.793,4024.793,65.329867,4090.122867,,0,donchian_breakout
2026-09-07T12:55:15.865576Z,exit,GOLD_CFD,short,2026-07-01 13:00:00,4071.71746,4024.793,65.32986699786929,4055.8388701665303,-0.7799,2,trail_stop
2026-09-07T12:55:15.865576Z,entry,GOLD_CFD,long,2026-07-02 05:00:00,4077.06992,4077.06992,104.916501,3972.153419,,0,donchian_breakout
2026-09-07T12:55:15.865576Z,exit,GOLD_CFD,long,2026-07-07 01:00:00,4126.13408,4077.06992,104.91650105072156,4140.627630361938,0.4132,4,trail_stop
2026-09-07T12:55:15.865576Z,entry,GOLD_CFD,short,2026-07-07 17:00:00,4106.14352,4106.14352,76.597916,4182.741436,,0,donchian_breakout
2026-09-07T12:55:15.865576Z,exit,GOLD_CFD,short,2026-07-12 01:00:00,4111.53173,4106.14352,76.59791595219716,4107.57835494296,-0.1454,4,trail_stop
2026-09-07T12:55:15.865576Z,entry,GOLD_CFD,short,2026-07-12 21:00:00,4076.90982,4076.90982,61.153647,4138.063467,,0,donchian_breakout
2026-09-07T12:55:15.865576Z,exit,GOLD_CFD,short,2026-07-14 09:00:00,4070.41345,4076.90982,61.153647299999996,4061.9922775492487,0.0529,1,trail_stop
2026-09-07T12:55:15.865576Z,entry,GOLD_CFD,short,2026-07-16 09:00:00,3992.13856,3992.13856,92.036772,4084.175332,,0,donchian_breakout
2026-09-07T12:55:15.865576Z,exit,GOLD_CFD,short,2026-07-19 13:00:00,4010.62286,3992.13856,92.03677218934095,4010.0746799390686,-0.2529,3,trail_stop
2026-09-07T12:55:15.865576Z,entry,GOLD_CFD,long,2026-07-20 01:00:00,4019.04179,4019.04179,60.285627,3958.756163,,0,donchian_breakout
2026-09-07T12:55:15.865576Z,exit,GOLD_CFD,long,2026-07-23 09:00:00,4063.71004,4019.04179,60.28562685,4073.9945868006284,0.6609,3,trail_stop
2026-09-07T12:55:15.865576Z,entry,GOLD_CFD,long,2026-07-26 21:00:00,4102.20248,4102.20248,61.533037,4040.669443,,0,donchian_breakout
2026-09-07T12:55:15.865576Z,exit,GOLD_CFD,long,2026-07-28 01:00:00,4042.611,4102.20248,61.533037199999995,4047.1679269757888,-1.0218,1,trail_stop
2026-09-07T12:55:15.865576Z,entry,GOLD_CFD,short,2026-07-28 09:00:00,4029.10709,4029.10709,61.272623,4090.379713,,0,donchian_breakout
2026-09-07T12:55:15.865576Z,exit,GOLD_CFD,short,2026-07-30 13:00:00,4109.17571,4029.10709,61.272622739920216,4084.4805625290105,-1.3725,2,trail_stop
2026-09-07T12:55:15.865576Z,entry,GOLD_CFD,short,2026-08-03 13:00:00,4037.17526,4037.17526,60.557629,4097.732889,,0,donchian_breakout
2026-09-07T12:55:15.865576Z,exit,GOLD_CFD,short,2026-08-04 13:00:00,4093.62954,4037.17526,60.5576289,4093.071539128347,-0.9856,1,trail_stop
2026-09-07T12:55:15.865576Z,entry,GOLD_CFD,long,2026-08-05 01:00:00,4134.85877,4134.85877,74.057672,4060.801098,,0,donchian_breakout
2026-09-07T12:55:15.865576Z,exit,GOLD_CFD,long,2026-08-13 21:00:00,4340.38305,4134.85877,74.05767162494472,4347.073991280653,2.6524,8,trail_stop
2026-09-07T12:55:15.865576Z,entry,GOLD_CFD,short,2026-08-14 01:00:00,4325.8294,4325.8294,98.925419,4424.754819,,0,donchian_breakout
2026-09-07T12:55:15.865576Z,exit,GOLD_CFD,short,2026-08-16 09:00:00,4375.69475,4325.8294,98.92541869618944,4372.971899085016,-0.5478,2,trail_stop
2026-09-07T12:55:15.865576Z,entry,GOLD_CFD,long,2026-08-16 21:00:00,4400.35207,4400.35207,66.005281,4334.346789,,0,donchian_breakout
2026-09-07T12:55:15.865576Z,exit,GOLD_CFD,long,2026-08-18 13:00:00,4363.71052,4400.35207,66.00528105,4371.920946281448,-0.6085,1,trail_stop
2026-09-07T12:55:15.865576Z,entry,GOLD_CFD,short,2026-08-18 17:00:00,4335.67938,4335.67938,73.030628,4408.710008,,0,donchian_breakout
2026-09-07T12:55:15.865576Z,exit,GOLD_CFD,short,2026-08-19 09:00:00,4437.9365,4335.67938,73.03062833131763,4407.832816307652,-1.4358,0,trail_stop
2026-09-07T12:55:15.865576Z,entry,GOLD_CFD,long,2026-08-19 13:00:00,4494.60203,4494.60203,98.846482,4395.755548,,0,donchian_breakout
2026-09-07T12:55:15.865576Z,exit,GOLD_CFD,long,2026-08-26 13:00:00,4591.347,4494.60203,98.84648153511202,4612.927733260673,0.8878,7,trail_stop
2026-09-07T12:55:15.865576Z,entry,GOLD_CFD,short,2026-08-27 09:00:00,4585.17275,4585.17275,95.459624,4680.632374,,0,donchian_breakout
2026-09-07T12:55:15.865576Z,exit,GOLD_CFD,short,2026-09-03 01:00:00,4436.89545,4585.17275,95.45962438693245,4397.833629046287,1.4668,6,trail_stop
2026-09-07T12:55:15.865576Z,entry,GOLD_CFD,long,2026-09-03 09:00:00,4493.90441,4493.90441,105.72134,4388.18307,,0,donchian_breakout
2026-09-07T12:55:15.865576Z,exit,GOLD_CFD,long,2026-09-06 09:00:00,4429.01023,4493.90441,105.72133958599827,4433.061786809662,-0.6648,3,trail_stop
2026-09-07T12:55:15.865576Z,entry,GOLD_CFD,short,2026-09-07 01:00:00,4398.75843,4398.75843,65.981376,4464.739806,,0,donchian_breakout
2026-09-07T12:55:15.865576Z,entry,XAGUSD,short,2023-10-26 12:00:00,22.715,22.715,0.725132,23.440132,,0,donchian_breakout
2026-09-07T12:55:15.865576Z,exit,XAGUSD,short,2023-11-03 16:00:00,23.175501,22.715,0.7251321542250597,23.14270045586156,-0.7228,8,trail_stop
2026-09-07T12:55:15.865576Z,entry,XAGUSD,long,2023-11-06 08:00:00,23.2125,23.2125,0.580313,22.632187,,0,donchian_breakout
2026-09-07T12:55:15.865576Z,exit,XAGUSD,long,2023-11-07 08:00:00,22.529499,23.2125,0.5803125,22.66947366998449,-1.233,1,trail_stop
2026-09-07T12:55:15.865576Z,entry,XAGUSD,short,2023-11-07 12:00:00,22.504499,22.504499,0.577393,23.081892,,0,donchian_breakout
2026-09-07T12:55:15.865576Z,exit,XAGUSD,short,2023-11-14 12:00:00,23.1145,22.504499,0.5773929220277232,22.600625115517424,-1.1578,7,trail_stop
2026-09-07T12:55:15.865576Z,entry,XAGUSD,long,2023-11-15 00:00:00,23.165001,23.165001,0.634623,22.530378,,0,donchian_breakout
2026-09-07T12:55:15.865576Z,exit,XAGUSD,long,2023-12-04 12:00:00,24.443001,23.165001,0.6346227142152522,25.026298000439304,1.8313,19,trail_stop
2026-09-07T12:55:15.865576Z,entry,XAGUSD,short,2023-12-05 08:00:00,24.262501,24.262501,0.799181,25.061682,,0,donchian_breakout
2026-09-07T12:55:15.865576Z,exit,XAGUSD,short,2023-12-13 16:00:00,23.488501,24.262501,0.79918073724478,23.182551721915225,0.8835,8,trail_stop
2026-09-07T12:55:15.865576Z,entry,XAGUSD,long,2023-12-13 20:00:00,23.837,23.837,0.771126,23.065874,,0,donchian_breakout
2026-09-07T12:55:15.865576Z,exit,XAGUSD,long,2023-12-28 20:00:00,23.9345,23.837,0.7711260306309857,23.970226256575412,-0.0034,15,trail_stop
2026-09-07T12:55:15.865576Z,entry,XAGUSD,short,2023-12-29 00:00:00,23.835501,23.835501,0.595888,24.431389,,0,donchian_breakout
2026-09-07T12:55:15.865576Z,exit,XAGUSD,short,2024-01-05 12:00:00,23.4725,23.835501,0.5958875250000001,23.394515823142203,0.5052,7,trail_stop
2026-09-07T12:55:15.865576Z,entry,XAGUSD,short,2024-01-08 08:00:00,22.8465,22.8465,0.605579,23.452079,,0,donchian_breakout
2026-09-07T12:55:15.865576Z,exit,XAGUSD,short,2024-01-12 12:00:00,23.3435,22.8465,0.6055794095125082,23.27808293775645,-0.8962,4,trail_stop
2026-09-07T12:55:15.865576Z,entry,XAGUSD,short,2024-01-17 04:00:00,22.737499,22.737499,0.568437,23.305936,,0,donchian_breakout
2026-09-07T12:55:15.865576Z,exit,XAGUSD,short,2024-01-24 08:00:00,22.738501,22.737499,0.568437475,22.57549942597363,-0.1058,7,trail_stop
2026-09-07T12:55:15.865576Z,entry,XAGUSD,long,2024-01-25 00:00:00,22.745501,22.745501,0.568638,22.176863,,0,donchian_breakout
2026-09-07T12:55:15.865576Z,exit,XAGUSD,long,2024-02-01 08:00:00,22.688499,22.745501,0.5686375250000001,22.78396420490273,-0.2042,7,trail_stop
2026-09-07T12:55:15.865576Z,entry,XAGUSD,short,2024-02-02 12:00:00,22.630501,22.630501,0.696957,23.327458,,0,donchian_breakout
2026-09-07T12:55:15.865576Z,exit,XAGUSD,short,2024-02-09 00:00:00,22.657499,22.630501,0.6969571410203694,22.64062129562791,-0.1167,6,trail_stop
2026-09-07T12:55:15.865576Z,entry,XAGUSD,long,2024-02-09 04:00:00,22.6875,22.6875,0.567188,22.120313,,0,donchian_breakout
2026-09-07T12:55:15.865576Z,exit,XAGUSD,long,2024-02-13 12:00:00,22.0305,22.6875,0.5671875000000001,22.4666534017274,-1.2383,4,trail_stop
2026-09-07T12:55:15.865576Z,entry,XAGUSD,short,2024-02-13 16:00:00,22.009501,22.009501,0.635251,22.644752,,0,donchian_breakout
2026-09-07T12:55:15.865576Z,exit,XAGUSD,short,2024-02-15 08:00:00,22.6425,22.009501,0.6352512303706118,22.512783490645724,-1.045,1,trail_stop
2026-09-07T12:55:15.865576Z,entry,XAGUSD,long,2024-02-15 20:00:00,22.9575,22.9575,0.573937,22.383563,,0,donchian_breakout
2026-09-07T12:55:15.865576Z,exit,XAGUSD,long,2024-02-21 12:00:00,22.8305,22.9575,0.5739375,22.998656195706424,-0.3093,5,trail_stop
2026-09-07T12:55:15.865576Z,entry,XAGUSD,short,2024-02-22 12:00:00,22.816999,22.816999,0.570425,23.387424,,0,donchian_breakout
2026-09-07T12:55:15.865576Z,exit,XAGUSD,short,2024-03-01 00:00:00,22.783501,22.816999,0.570424975,22.730283282730422,-0.0453,7,trail_stop
2026-09-07T12:55:15.865576Z,entry,XAGUSD,long,2024-03-01 12:00:00,22.953501,22.953501,0.573838,22.379663,,0,donchian_breakout
2026-09-07T12:55:15.865576Z,exit,XAGUSD,long,2024-03-21 12:00:00,24.758499,22.953501,0.573837525,25.066039125639687,2.9375,20,trail_stop
2026-09-07T12:55:15.865576Z,entry,XAGUSD,short,2024-03-22 00:00:00,24.556499,24.556499,0.734882,25.291381,,0,donchian_breakout
2026-09-07T12:55:15.865576Z,exit,XAGUSD,short,2024-03-31 20:00:00,25.168501,24.556499,0.7348817553732518,24.97440951619417,-0.933,9,trail_stop
2026-09-07T12:55:15.865576Z,entry,XAGUSD,long,2024-04-01 00:00:00,25.265499,25.265499,0.632027,24.633472,,0,donchian_breakout
2026-09-07T12:55:15.865576Z,exit,XAGUSD,long,2024-04-12 17:00:00,27.889,25.265499,0.6320270431260586,28.06512283338652,4.015,11,trail_stop
2026-09-07T12:55:15.865576Z,entry,XAGUSD,long,2024-04-19 13:00:00,28.699499,28.699499,1.142277,27.557222,,0,donchian_breakout
2026-09-07T12:55:15.865576Z,exit,XAGUSD,long,2024-04-22 09:00:00,27.349501,28.699499,1.142277344905684,27.633759661790506,-1.222,2,trail_stop
2026-09-07T12:55:15.865576Z,entry,XAGUSD,short,2024-04-22 13:00:00,27.165501,27.165501,1.178365,28.343866,,0,donchian_breakout
2026-09-07T12:55:15.865576Z,exit,XAGUSD,short,2024-05-06 05:00:00,27.1045,27.165501,1.1783648760568857,26.921542551237188,-0.0358,13,trail_stop
2026-09-07T12:55:15.865576Z,entry,XAGUSD,long,2024-05-06 09:00:00,27.227501,27.227501,0.920675,26.306826,,0,donchian_breakout
2026-09-07T12:55:15.865576Z,exit,XAGUSD,long,2024-05-22 17:00:00,30.7875,27.227501,0.9206745835146711,31.06383456074098,3.7366,16,trail_stop
2026-09-07T12:55:15.865576Z,entry,XAGUSD,short,2024-05-22 21:00:00,30.7675,30.7675,1.554138,32.321638,,0,donchian_breakout
2026-09-07T12:55:15.865576Z,exit,XAGUSD,short,2024-05-27 13:00:00,31.827499,30.7675,1.5541379636566843,31.225097503120033,-0.7216,4,trail_stop
2026-09-07T12:55:15.865576Z,entry,XAGUSD,long,2024-05-28 13:00:00,31.9935,31.9935,1.239527,30.753973,,0,donchian_breakout
2026-09-07T12:55:15.865576Z,exit,XAGUSD,long,2024-05-31 01:00:00,30.952499,31.9935,1.2395272636274166,31.02608550683082,-0.8811,2,trail_stop
2026-09-07T12:55:15.865576Z,entry,XAGUSD,short,2024-05-31 13:00:00,30.438499,30.438499,1.435106,31.873605,,0,donchian_breakout
2026-09-07T12:55:15.865576Z,exit,XAGUSD,short,2024-06-06 13:00:00,31.240499,30.438499,1.4351059205499213,30.556839079046195,-0.6097,6,trail_stop
2026-09-07T12:55:15.865576Z,entry,XAGUSD,long,2024-06-06 17:00:00,31.320499,31.320499,1.223084,30.097415,,0,donchian_breakout
2026-09-07T12:55:15.865576Z,exit,XAGUSD,long,2024-06-07 09:00:00,29.8435,31.320499,1.2230835987694233,30.305626896979426,-1.2383,0,trail_stop
2026-09-07T12:55:15.865576Z,entry,XAGUSD,short,2024-06-07 13:00:00,29.3965,29.3965,1.474136,30.870636,,0,donchian_breakout
2026-09-07T12:55:15.865576Z,exit,XAGUSD,short,2024-06-19 21:00:00,29.8475,29.3965,1.4741362431983247,29.70004238062014,-0.3777,12,trail_stop
2026-09-07T12:55:15.865576Z,entry,XAGUSD,long,2024-06-20 01:00:00,30.366501,30.366501,0.866861,29.49964,,0,donchian_breakout
2026-09-07T12:55:15.865576Z,exit,XAGUSD,long,2024-06-21 13:00:00,29.6255,30.366501,0.866860996290127,29.93985517890323,-0.9039,1,trail_stop
2026-09-07T12:55:15.865576Z,entry,XAGUSD,short,2024-06-25 13:00:00,28.872499,28.872499,0.937917,29.810416,,0,donchian_breakout
2026-09-07T12:55:15.865576Z,exit,XAGUSD,short,2024-07-02 09:00:00,29.561501,28.872499,0.9379165699757079,29.48808481016394,-0.8085,6,trail_stop
2026-09-07T12:55:15.865576Z,entry,XAGUSD,long,2024-07-03 01:00:00,29.7225,29.7225,0.763423,28.959077,,0,donchian_breakout
2026-09-07T12:55:15.865576Z,exit,XAGUSD,long,2024-07-12 09:00:00,30.518499,29.7225,0.7634234840509171,30.76107267210317,0.9259,9,trail_stop
2026-09-07T12:55:15.865576Z,entry,XAGUSD,short,2024-07-17 13:00:00,30.1525,30.1525,1.118412,31.270912,,0,donchian_breakout
2026-09-07T12:55:15.865576Z,exit,XAGUSD,short,2024-07-31 01:00:00,28.6105,30.1525,1.1184120603513832,28.487262741007154,1.2763,13,trail_stop
2026-09-07T12:55:15.865576Z,entry,XAGUSD,long,2024-07-31 09:00:00,28.6455,28.6455,0.881743,27.763757,,0,donchian_breakout
2026-09-07T12:55:15.865576Z,exit,XAGUSD,long,2024-08-04 21:00:00,28.165501,28.6455,0.8817434290126247,28.173056993972033,-0.6093,4,trail_stop
2026-09-07T12:55:15.865576Z,entry,XAGUSD,short,2024-08-05 05:00:00,27.803499,27.803499,1.360001,29.1635,,0,donchian_breakout
2026-09-07T12:55:15.865576Z,exit,XAGUSD,short,2024-08-12 05:00:00,27.849501,27.803499,1.360001207184048,27.58370348267278,-0.087,7,trail_stop
2026-09-07T12:55:15.865576Z,entry,XAGUSD,long,2024-08-12 13:00:00,27.8815,27.8815,0.995915,26.885585,,0,donchian_breakout
2026-09-07T12:55:15.865576Z,exit,XAGUSD,long,2024-08-22 17:00:00,28.9835,27.8815,0.9959145581020785,29.007057521832625,1.0169,10,trail_stop
2026-09-07T12:55:15.865576Z,entry,XAGUSD,long,2024-08-23 17:00:00,29.835501,29.835501,0.900169,28.935332,,0,donchian_breakout
2026-09-07T12:55:15.865576Z,exit,XAGUSD,long,2024-08-28 09:00:00,29.3515,29.835501,0.9001690133698752,29.383438342499215,-0.604,4,trail_stop
2026-09-07T12:55:15.865576Z,entry,XAGUSD,short,2024-08-28 13:00:00,29.2145,29.2145,0.865991,30.080491,,0,donchian_breakout
2026-09-07T12:55:15.865576Z,exit,XAGUSD,short,2024-09-05 05:00:00,28.7075,29.2145,0.8659906463681779,28.53781821936549,0.4977,7,trail_stop
2026-09-07T12:55:15.865576Z,entry,XAGUSD,long,2024-09-05 09:00:00,28.7885,28.7885,0.800847,27.987653,,0,donchian_breakout
2026-09-07T12:55:15.865576Z,exit,XAGUSD,long,2024-09-06 13:00:00,27.814501,28.7885,0.8008466738406517,28.19179607520754,-1.2665,1,trail_stop
2026-09-07T12:55:15.865576Z,entry,XAGUSD,long,2024-09-12 05:00:00,28.804501,28.804501,0.850739,27.953762,,0,donchian_breakout
2026-09-07T12:55:15.865576Z,exit,XAGUSD,long,2024-09-18 17:00:00,30.078501,28.804501,0.8507392499374833,30.182125583987304,1.4163,6,trail_stop
2026-09-07T12:55:15.865576Z,entry,XAGUSD,long,2024-09-19 05:00:00,31.119499,31.119499,1.19519,29.924309,,0,donchian_breakout
2026-09-07T12:55:15.865576Z,exit,XAGUSD,long,2024-09-30 17:00:00,31.1595,31.119499,1.1951897260955286,31.23096575354605,-0.0551,11,trail_stop
2026-09-07T12:55:15.865576Z,entry,XAGUSD,long,2024-10-03 13:00:00,32.1325,32.1325,1.105879,31.026621,,0,donchian_breakout
2026-09-07T12:55:15.865576Z,exit,XAGUSD,long,2024-10-08 04:00:00,31.0945,32.1325,1.1058792686165915,31.1949149459611,-0.9967,4,trail_stop
2026-09-07T12:55:15.865576Z,entry,XAGUSD,short,2024-10-08 12:00:00,30.376499,30.376499,1.35363,31.730129,,0,donchian_breakout
2026-09-07T12:55:15.865576Z,exit,XAGUSD,short,2024-10-11 12:00:00,31.6075,30.376499,1.3536299320924023,31.32223903653474,-0.9498,3,trail_stop
2026-09-07T12:55:15.865576Z,entry,XAGUSD,long,2024-10-16 04:00:00,31.807501,31.807501,0.901983,30.905518,,0,donchian_breakout
2026-09-07T12:55:15.865576Z,exit,XAGUSD,long,2024-10-23 16:00:00,33.6665,31.807501,0.9019831454515174,33.78551984174242,1.9693,7,trail_stop
2026-09-07T12:55:15.865576Z,entry,XAGUSD,short,2024-10-24 12:00:00,33.5135,33.5135,1.197181,34.710681,,0,donchian_breakout
2026-09-07T12:55:15.865576Z,exit,XAGUSD,short,2024-10-29 16:00:00,34.435501,33.5135,1.1971811183895804,34.33858357877418,-0.8317,5,trail_stop
2026-09-07T12:55:15.865576Z,entry,XAGUSD,long,2024-10-29 20:00:00,34.4785,34.4785,1.065644,33.412856,,0,donchian_breakout
2026-09-07T12:55:15.865576Z,exit,XAGUSD,long,2024-10-31 12:00:00,32.684502,34.4785,1.0656438778730044,33.484053188319905,-1.7288,1,trail_stop
2026-09-07T12:55:15.865576Z,entry,XAGUSD,short,2024-10-31 20:00:00,32.6675,32.6675,1.078343,33.745843,,0,donchian_breakout
2026-09-07T12:55:15.865576Z,exit,XAGUSD,short,2024-11-18 12:00:00,31.2015,32.6675,1.0783429213779767,30.79200680003511,1.2201,17,trail_stop
2026-09-07T12:55:15.865576Z,entry,XAGUSD,long,2024-11-19 00:00:00,31.377501,31.377501,0.920214,30.457287,,0,donchian_breakout
2026-09-07T12:55:15.865576Z,exit,XAGUSD,long,2024-11-25 12:00:00,30.102501,31.377501,0.9202138844700853,30.572060226608407,-1.4674,6,trail_stop
2026-09-07T12:55:15.865576Z,entry,XAGUSD,short,2024-11-27 12:00:00,30.092501,30.092501,0.985084,31.077585,,0,donchian_breakout
2026-09-07T12:55:15.865576Z,exit,XAGUSD,short,2024-11-29 00:00:00,30.689501,30.092501,0.9850837164943638,30.62096638248871,-0.6488,1,trail_stop
2026-09-07T12:55:15.865576Z,entry,XAGUSD,long,2024-11-29 08:00:00,30.709499,30.709499,0.816005,29.893494,,0,donchian_breakout
2026-09-07T12:55:15.865576Z,exit,XAGUSD,long,2024-12-12 12:00:00,30.9655,30.709499,0.8160054633118426,31.271573500515032,0.1707,13,trail_stop
2026-09-07T12:55:15.865576Z,entry,XAGUSD,short,2024-12-12 16:00:00,30.9585,30.9585,1.042327,32.000827,,0,donchian_breakout
2026-09-07T12:55:15.865576Z,exit,XAGUSD,short,2024-12-22 20:00:00,29.7045,30.9585,1.0423270085162057,29.65909187559279,1.108,10,trail_stop
2026-09-07T12:55:15.865576Z,entry,XAGUSD,long,2024-12-26 12:00:00,29.824499,29.824499,0.745612,29.078887,,0,donchian_breakout
2026-09-07T12:55:15.865576Z,exit,XAGUSD,long,2024-12-30 12:00:00,28.879499,29.824499,0.745612475,29.305320198755066,-1.3474,4,trail_stop
2026-09-07T12:55:15.865576Z,entry,XAGUSD,short,2024-12-31 00:00:00,28.859501,28.859501,0.721488,29.580989,,0,donchian_breakout
2026-09-07T12:55:15.865576Z,exit,XAGUSD,short,2025-01-02 12:00:00,29.467501,28.859501,0.7214875250000001,29.42702810000018,-0.9067,2,trail_stop
2026-09-07T12:55:15.865576Z,entry,XAGUSD,long,2025-01-02 20:00:00,29.5455,29.5455,0.738638,28.806863,,0,donchian_breakout
2026-09-07T12:55:15.865576Z,exit,XAGUSD,long,2025-01-13 12:00:00,29.553499,29.5455,0.7386375000000001,29.760799421475863,-0.1172,10,trail_stop
2026-09-07T12:55:15.865576Z,entry,XAGUSD,long,2025-01-15 16:00:00,30.6675,30.6675,0.799774,29.867726,,0,donchian_breakout
2026-09-07T12:55:15.865576Z,exit,XAGUSD,long,2025-01-23 12:00:00,30.157499,30.6675,0.799774467006809,30.20538635780528,-0.7374,7,trail_stop
2026-09-07T12:55:15.865576Z,entry,XAGUSD,short,2025-01-27 04:00:00,30.1555,30.1555,0.78497,30.94047,,0,donchian_breakout
2026-09-07T12:55:15.865576Z,exit,XAGUSD,short,2025-01-29 12:00:00,30.872499,30.1555,0.7849698814093855,30.738380421951565,-0.9749,2,trail_stop
2026-09-07T12:55:15.865576Z,entry,XAGUSD,long,2025-01-29 20:00:00,30.873501,30.873501,0.821557,30.051944,,0,donchian_breakout
2026-09-07T12:55:15.865576Z,exit,XAGUSD,long,2025-02-14 20:00:00,32.146999,30.873501,0.8215573833919769,32.249719413667165,1.3848,16,trail_stop
2026-09-07T12:55:15.865576Z,entry,XAGUSD,long,2025-02-20 04:00:00,32.959499,32.959499,0.851441,32.108058,,0,donchian_breakout
2026-09-07T12:55:15.865576Z,exit,XAGUSD,long,2025-02-24 12:00:00,32.168499,32.959499,0.8514410103204839,32.22850183914036,-1.0064,4,trail_stop
2026-09-07T12:55:15.865576Z,entry,XAGUSD,short,2025-02-25 04:00:00,32.039501,32.039501,0.862102,32.901603,,0,donchian_breakout
2026-09-07T12:55:15.865576Z,exit,XAGUSD,short,2025-03-04 08:00:00,31.901501,32.039501,0.8621022683667137,31.863052068469326,0.0634,7,trail_stop
2026-09-07T12:55:15.865576Z,entry,XAGUSD,long,2025-03-04 16:00:00,31.9345,31.9345,0.882037,31.052463,,0,donchian_breakout
2026-09-07T12:55:15.865576Z,exit,XAGUSD,long,2025-03-20 08:00:00,33.378502,31.9345,0.882036833246033,33.38538005809336,1.4851,15,trail_stop
2026-09-07T12:55:15.865576Z,entry,XAGUSD,short,2025-03-21 00:00:00,33.140499,33.140499,0.847979,33.988478,,0,donchian_breakout
2026-09-07T12:55:15.865576Z,exit,XAGUSD,short,2025-03-25 12:00:00,33.651501,33.140499,0.8479785785632554,33.56039003677139,-0.6808,4,trail_stop
2026-09-07T12:55:15.865576Z,entry,XAGUSD,long,2025-03-25 20:00:00,33.672501,33.672501,0.841813,32.830688,,0,donchian_breakout
2026-09-07T12:55:15.865576Z,exit,XAGUSD,long,2025-04-03 00:00:00,33.4175,33.672501,0.8418125249999999,33.646303673883224,-0.4149,8,trail_stop
2026-09-07T12:55:15.865576Z,entry,XAGUSD,short,2025-04-03 04:00:00,33.1805,33.1805,1.122341,34.302841,,0,donchian_breakout
2026-09-07T12:55:15.865576Z,exit,XAGUSD,short,2025-04-09 17:00:00,31.0245,33.1805,1.122341327273428,30.633933860253386,1.85,6,trail_stop
2026-09-07T12:55:15.865576Z,entry,XAGUSD,long,2025-04-09 21:00:00,31.0665,31.0665,1.699506,29.366994,,0,donchian_breakout
2026-09-07T12:55:15.865576Z,exit,XAGUSD,long,2025-04-30 01:00:00,32.832,31.0665,1.6995060835858267,32.84135171669537,0.9438,20,trail_stop
2026-09-07T12:55:15.865576Z,entry,XAGUSD,short,2025-04-30 05:00:00,32.407,32.407,0.994754,33.401754,,0,donchian_breakout
2026-09-07T12:55:15.865576Z,exit,XAGUSD,short,2025-05-06 01:00:00,33.07,32.407,0.9947539757094246,32.8908309764682,-0.7382,5,trail_stop
2026-09-07T12:55:15.865576Z,entry,XAGUSD,long,2025-05-06 09:00:00,33.085,33.085,0.937963,32.147037,,0,donchian_breakout
2026-09-07T12:55:15.865576Z,exit,XAGUSD,long,2025-05-08 05:00:00,32.337,33.085,0.9379629369026705,32.34747271126558,-0.8469,1,trail_stop
2026-09-07T12:55:15.865576Z,entry,XAGUSD,short,2025-05-12 05:00:00,32.269,32.269,1.027882,33.296882,,0,donchian_breakout
2026-09-07T12:55:15.865576Z,exit,XAGUSD,short,2025-05-20 09:00:00,32.607,32.269,1.0278822356888815,32.569957232448765,-0.4167,8,trail_stop
2026-09-07T12:55:15.865576Z,entry,XAGUSD,long,2025-05-20 13:00:00,32.985,32.985,0.867315,32.117685,,0,donchian_breakout
2026-09-07T12:55:15.865576Z,exit,XAGUSD,long,2025-05-27 05:00:00,32.989,32.985,0.8673152477004145,33.03552540021227,-0.0867,6,trail_stop
2026-09-07T12:55:15.865576Z,entry,XAGUSD,short,2025-05-27 09:00:00,32.824,32.824,0.8206,33.6446,,0,donchian_breakout
2026-09-07T12:55:15.865576Z,exit,XAGUSD,short,2025-06-02 09:00:00,33.681,32.824,0.8206,33.44994992703894,-1.1404,6,trail_stop
2026-09-07T12:55:15.865576Z,entry,XAGUSD,long,2025-06-02 13:00:00,34.469,34.469,0.873763,33.595237,,0,donchian_breakout
2026-09-07T12:55:15.865576Z,exit,XAGUSD,long,2025-06-12 05:00:00,35.936,34.469,0.8737634802130296,35.93741946188112,1.5606,9,trail_stop
2026-09-07T12:55:15.865576Z,entry,XAGUSD,long,2025-06-17 09:00:00,36.837,36.837,0.942229,35.894771,,0,donchian_breakout
2026-09-07T12:55:15.865576Z,exit,XAGUSD,long,2025-06-19 05:00:00,36.376,36.837,0.9422294678732408,36.393814471248845,-0.544,1,trail_stop
2026-09-07T12:55:15.865576Z,entry,XAGUSD,short,2025-06-20 01:00:00,35.726,35.726,0.89315,36.61915,,0,donchian_breakout
2026-09-07T12:55:15.865576Z,exit,XAGUSD,short,2025-06-26 05:00:00,36.66,35.726,0.89315,36.44180751304776,-1.1417,6,trail_stop
2026-09-07T12:55:15.865576Z,entry,XAGUSD,long,2025-06-26 13:00:00,36.674,36.674,0.91685,35.75715,,0,donchian_breakout
2026-09-07T12:55:15.865576Z,exit,XAGUSD,long,2025-06-29 21:00:00,35.88,36.674,0.91685,35.92975140019403,-0.938,3,trail_stop
2026-09-07T12:55:15.865576Z,entry,XAGUSD,long,2025-07-02 13:00:00,36.462,36.462,0.91155,35.55045,,0,donchian_breakout
2026-09-07T12:55:15.865576Z,exit,XAGUSD,long,2025-07-15 13:00:00,37.721,36.462,0.9115500000000001,38.09255196072958,1.2292,13,trail_stop
2026-09-07T12:55:15.865576Z,entry,XAGUSD,short,2025-07-17 09:00:00,37.615,37.615,0.940375,38.555375,,0,donchian_breakout
2026-09-07T12:55:15.865576Z,exit,XAGUSD,short,2025-07-18 09:00:00,38.403,37.615,0.9403750000000001,38.388120364354734,-0.894,1,trail_stop
2026-09-07T12:55:15.865576Z,entry,XAGUSD,long,2025-07-21 05:00:00,38.458,38.458,0.96145,37.49655,,0,donchian_breakout
2026-09-07T12:55:15.865576Z,exit,XAGUSD,long,2025-07-25 13:00:00,38.159,38.458,0.96145,38.71264070996349,-0.391,4,trail_stop
2026-09-07T12:55:15.865576Z,entry,XAGUSD,short,2025-07-25 21:00:00,38.157,38.157,0.953925,39.110925,,0,donchian_breakout
2026-09-07T12:55:15.865576Z,exit,XAGUSD,short,2025-08-04 05:00:00,37.363,38.157,0.9539249999999999,37.285289997295855,0.7124,9,trail_stop
2026-09-07T12:55:15.865576Z,entry,XAGUSD,long,2025-08-05 05:00:00,37.451,37.451,0.936275,36.514725,,0,donchian_breakout
2026-09-07T12:55:15.865576Z,exit,XAGUSD,long,2025-08-15 09:00:00,37.819,37.451,0.9362750000000001,37.87708181765267,0.265,10,trail_stop
2026-09-07T12:55:15.865576Z,entry,XAGUSD,short,2025-08-19 13:00:00,37.331,37.331,0.933275,38.264275,,0,donchian_breakout
2026-09-07T12:55:15.865576Z,exit,XAGUSD,short,2025-08-20 13:00:00,37.8,37.331,0.9332750000000001,37.6953228434183,-0.5585,1,trail_stop
2026-09-07T12:55:15.865576Z,entry,XAGUSD,long,2025-08-21 21:00:00,38.166,38.166,0.95415,37.21185,,0,donchian_breakout
2026-09-07T12:55:15.865576Z,exit,XAGUSD,long,2025-09-11 09:00:00,41.069,38.166,0.9541499999999999,40.53202072829893,2.8345,20,time_limit
2026-09-07T12:55:15.865576Z,entry,XAGUSD,long,2025-09-11 13:00:00,41.65,41.65,1.04125,40.60875,,0,donchian_breakout
2026-09-07T12:55:15.865576Z,exit,XAGUSD,long,2025-09-17 05:00:00,41.602,41.65,1.04125,41.949657897619915,-0.1341,5,trail_stop
2026-09-07T12:55:15.865576Z,entry,XAGUSD,short,2025-09-18 01:00:00,41.369,41.369,1.302134,42.671134,,0,donchian_breakout
2026-09-07T12:55:15.865576Z,exit,XAGUSD,short,2025-09-19 13:00:00,42.681,41.369,1.3021337842065765,42.536495361195136,-1.0521,1,trail_stop
2026-09-07T12:55:15.865576Z,entry,XAGUSD,long,2025-09-19 17:00:00,43.051,43.051,1.29806,41.75294,,0,donchian_breakout
2026-09-07T12:55:15.865576Z,exit,XAGUSD,long,2025-10-10 04:00:00,50.512,43.051,1.2980597698210283,48.29297914627967,5.5753,20,time_limit
2026-09-07T12:55:15.865576Z,entry,XAGUSD,long,2025-10-13 00:00:00,51.2605,51.2605,2.670138,48.590362,,0,donchian_breakout
2026-09-07T12:55:15.865576Z,exit,XAGUSD,long,2025-10-17 16:00:00,51.702,51.2605,2.670137740834646,51.89760874087884,0.127,4,trail_stop
2026-09-07T12:55:15.865576Z,entry,XAGUSD,short,2025-10-21 04:00:00,50.8015,50.8015,2.494607,53.296107,,0,donchian_breakout
2026-09-07T12:55:15.865576Z,exit,XAGUSD,short,2025-10-30 12:00:00,48.814,50.8015,2.494606530341271,48.291201658819276,0.7356,9,trail_stop
2026-09-07T12:55:15.865576Z,entry,XAGUSD,long,2025-10-30 16:00:00,48.875,48.875,1.904577,46.970423,,0,donchian_breakout
2026-09-07T12:55:15.865576Z,exit,XAGUSD,long,2025-11-04 08:00:00,47.748,48.875,1.9045771394417335,47.78289213260805,-0.6431,4,trail_stop
2026-09-07T12:55:15.865576Z,entry,XAGUSD,short,2025-11-04 12:00:00,47.4655,47.4655,1.754161,49.219661,,0,donchian_breakout
2026-09-07T12:55:15.865576Z,exit,XAGUSD,short,2025-11-06 08:00:00,48.702,47.4655,1.7541614491379636,48.61535396083679,-0.7428,1,trail_stop
2026-09-07T12:55:15.865576Z,entry,XAGUSD,long,2025-11-10 00:00:00,49.1055,49.1055,1.425983,47.679517,,0,donchian_breakout
2026-09-07T12:55:15.865576Z,exit,XAGUSD,long,2025-11-14 08:00:00,52.04138,49.1055,1.4259834604381787,52.12673108080309,1.99,4,trail_stop
2026-09-07T12:55:15.865576Z,entry,XAGUSD,short,2025-11-15 00:00:00,50.55462,50.55462,2.293688,52.848308,,0,donchian_breakout
2026-09-07T12:55:15.865576Z,exit,XAGUSD,short,2025-11-19 08:00:00,52.15318,50.55462,2.2936875378652095,51.50254731472238,-0.741,4,trail_stop
2026-09-07T12:55:15.865576Z,entry,XAGUSD,short,2025-11-21 04:00:00,49.20208,49.20208,2.289772,51.491852,,0,donchian_breakout
2026-09-07T12:55:15.865576Z,exit,XAGUSD,short,2025-11-24 16:00:00,51.17529,49.20208,2.2897716341902123,50.45047558750153,-0.9004,3,trail_stop
2026-09-07T12:55:15.865576Z,entry,XAGUSD,long,2025-11-24 20:00:00,51.37326,51.37326,1.473783,49.899477,,0,donchian_breakout
2026-09-07T12:55:15.865576Z,exit,XAGUSD,long,2025-12-11 12:00:00,63.28812,51.37326,1.4737829867860297,60.896468378241096,7.9312,16,time_limit
2026-09-07T12:55:15.865576Z,entry,XAGUSD,long,2025-12-11 16:00:00,63.78942,63.78942,2.454414,61.335006,,0,donchian_breakout
2026-09-07T12:55:15.865576Z,exit,XAGUSD,long,2025-12-12 16:00:00,61.84669,63.78942,2.4544143630618445,62.05102842712908,-0.8279,1,trail_stop
2026-09-07T12:55:15.865576Z,entry,XAGUSD,long,2025-12-17 00:00:00,65.85846,65.85846,2.588485,63.269975,,0,donchian_breakout
2026-09-07T12:55:15.865576Z,exit,XAGUSD,long,2025-12-29 04:00:00,76.08724,65.85846,2.5884846504403383,78.83186148109311,3.8601,12,trail_stop
2026-09-07T12:55:15.865576Z,entry,XAGUSD,short,2025-12-29 12:00:00,71.45605,71.45605,5.895954,77.352004,,0,donchian_breakout
2026-09-07T12:55:15.865576Z,exit,XAGUSD,short,2026-01-04 20:00:00,74.01983,71.45605,5.895953747618163,73.05831603204248,-0.4639,6,trail_stop
2026-09-07T12:55:15.865576Z,entry,XAGUSD,long,2026-01-05 00:00:00,75.23511,75.23511,3.017329,72.217781,,0,donchian_breakout
2026-09-07T12:55:15.865576Z,exit,XAGUSD,long,2026-01-07 12:00:00,77.19539,75.23511,3.017328619465208,77.9799036169368,0.6098,2,trail_stop
2026-09-07T12:55:15.865576Z,entry,XAGUSD,long,2026-01-11 20:00:00,81.59077,81.59077,2.29906,79.29171,,0,donchian_breakout
2026-09-07T12:55:15.865576Z,exit,XAGUSD,long,2026-01-21 16:00:00,91.36397,81.59077,2.2990600346839836,91.97343160181313,4.1445,9,trail_stop
2026-09-07T12:55:15.865576Z,entry,XAGUSD,long,2026-01-22 16:00:00,95.91647,95.91647,4.980437,90.936033,,0,donchian_breakout
2026-09-07T12:55:15.865576Z,exit,XAGUSD,long,2026-01-26 16:00:00,107.56237,95.91647,4.9804371213962995,107.66700318653761,2.2998,4,trail_stop
2026-09-07T12:55:15.865576Z,entry,XAGUSD,long,2026-01-27 04:00:00,112.65452,112.65452,9.131884,103.522636,,0,donchian_breakout
2026-09-07T12:55:15.865576Z,exit,XAGUSD,long,2026-01-30 04:00:00,107.30381,112.65452,9.131884028511534,108.12230587600857,-0.6081,3,trail_stop
2026-09-07T12:55:15.865576Z,entry,XAGUSD,short,2026-01-30 08:00:00,102.98714,102.98714,16.32428,119.31142,,0,donchian_breakout
2026-09-07T12:55:15.865576Z,exit,XAGUSD,short,2026-02-04 04:00:00,90.48725,102.98714,16.324279717843034,88.46266261102349,0.7531,4,trail_stop
2026-09-07T12:55:15.865576Z,entry,XAGUSD,long,2026-02-04 08:00:00,90.51439,90.51439,12.575789,77.938601,,0,donchian_breakout
2026-09-07T12:55:15.865576Z,exit,XAGUSD,long,2026-02-05 00:00:00,77.01563,90.51439,12.57578864813994,77.93860135186007,-1.082,0,trail_stop
2026-09-07T12:55:15.865576Z,entry,XAGUSD,short,2026-02-05 12:00:00,73.87349,73.87349,15.440557,89.314047,,0,donchian_breakout
2026-09-07T12:55:15.865576Z,exit,XAGUSD,short,2026-02-07 12:00:00,77.7819,73.87349,15.440557023079661,77.75614450830076,-0.2608,2,trail_stop
2026-09-07T12:55:15.865576Z,entry,XAGUSD,long,2026-02-08 20:00:00,79.854403,79.854403,6.326526,73.527877,,0,donchian_breakout
2026-09-07T12:55:15.865576Z,exit,XAGUSD,long,2026-02-12 16:00:00,76.27936,79.854403,6.326525700991851,80.04058005787061,-0.5878,3,trail_stop
2026-09-07T12:55:15.865576Z,entry,XAGUSD,short,2026-02-12 20:00:00,75.15276,75.15276,7.331056,82.483816,,0,donchian_breakout
2026-09-07T12:55:15.865576Z,exit,XAGUSD,short,2026-02-18 12:00:00,77.66915,75.15276,7.331056123570747,77.20362563762204,-0.3658,5,trail_stop
2026-09-07T12:55:15.865576Z,entry,XAGUSD,long,2026-02-19 00:00:00,78.00262,78.00262,4.964184,73.038436,,0,donchian_breakout
2026-09-07T12:55:15.865576Z,exit,XAGUSD,long,2026-03-02 12:00:00,88.67825,78.00262,4.964184096889918,92.58638081790428,2.0971,11,trail_stop
2026-09-07T12:55:15.865576Z,entry,XAGUSD,short,2026-03-03 04:00:00,87.24955,87.24955,6.914085,94.163635,,0,donchian_breakout
2026-09-07T12:55:15.865576Z,exit,XAGUSD,short,2026-03-08 12:00:00,84.53434,87.24955,6.914084933162261,84.4160257747331,0.3649,5,trail_stop
2026-09-07T12:55:15.865576Z,entry,XAGUSD,long,2026-03-09 16:00:00,86.41888,86.41888,4.961599,81.457281,,0,donchian_breakout
2026-09-07T12:55:15.865576Z,exit,XAGUSD,long,2026-03-12 16:00:00,84.43771,86.41888,4.961598591810662,84.4421057687264,-0.4307,3,trail_stop
2026-09-07T12:55:15.865576Z,entry,XAGUSD,short,2026-03-12 20:00:00,84.06706,84.06706,5.250183,89.317243,,0,donchian_breakout
2026-09-07T12:55:15.865576Z,exit,XAGUSD,short,2026-03-23 16:00:00,69.03014,84.06706,5.250183410602681,68.3589764337583,2.8128,10,trail_stop
2026-09-07T12:55:15.865576Z,entry,XAGUSD,long,2026-03-23 20:00:00,69.70077,69.70077,6.079515,63.621255,,0,donchian_breakout
2026-09-07T12:55:15.865576Z,exit,XAGUSD,long,2026-03-26 08:00:00,67.25844,69.70077,6.079515194569209,67.42988087988537,-0.4201,2,trail_stop
2026-09-07T12:55:15.865576Z,entry,XAGUSD,long,2026-03-30 08:00:00,71.25898,71.25898,3.307126,67.951854,,0,donchian_breakout
2026-09-07T12:55:15.865576Z,exit,XAGUSD,long,2026-04-02 04:00:00,71.55762,71.25898,3.3071255734935985,71.68711231825351,0.0558,2,trail_stop
2026-09-07T12:55:15.865576Z,entry,XAGUSD,long,2026-04-06 05:00:00,73.17074,73.17074,2.025069,71.145671,,0,donchian_breakout
2026-09-07T12:55:15.865576Z,exit,XAGUSD,long,2026-04-08 21:00:00,73.58704,73.17074,2.0250690944636345,73.81842187842858,0.1478,2,trail_stop
2026-09-07T12:55:15.865576Z,entry,XAGUSD,long,2026-04-12 17:00:00,76.20221,76.20221,1.905055,74.297155,,0,donchian_breakout
2026-09-07T12:55:15.865576Z,exit,XAGUSD,long,2026-04-13 09:00:00,73.9162,76.20221,1.90505525,74.29715474999999,-1.248,0,trail_stop
2026-09-07T12:55:15.865576Z,entry,XAGUSD,long,2026-04-14 01:00:00,77.17112,77.17112,2.587993,74.583127,,0,donchian_breakout
2026-09-07T12:55:15.865576Z,exit,XAGUSD,long,2026-04-19 21:00:00,79.83962,77.17112,2.5879926928872115,80.61610357487285,0.9655,5,trail_stop
2026-09-07T12:55:15.865576Z,entry,XAGUSD,short,2026-04-21 01:00:00,78.92537,78.92537,2.23138,81.15675,,0,donchian_breakout
2026-09-07T12:55:15.865576Z,exit,XAGUSD,short,2026-04-30 21:00:00,74.19219,78.92537,2.2313797956492647,74.13862226918279,2.0151,9,trail_stop
2026-09-07T12:55:15.865576Z,entry,XAGUSD,long,2026-05-01 13:00:00,76.1069,76.1069,3.565459,72.541441,,0,donchian_breakout
2026-09-07T12:55:15.865576Z,exit,XAGUSD,long,2026-05-04 05:00:00,74.40092,76.1069,3.5654585316261236,74.61714012541765,-0.5126,2,trail_stop
2026-09-07T12:55:15.865576Z,entry,XAGUSD,short,2026-05-04 13:00:00,72.70698,72.70698,2.408363,75.115343,,0,donchian_breakout
2026-09-07T12:55:15.865576Z,exit,XAGUSD,short,2026-05-06 01:00:00,75.6909,72.70698,2.408362781882739,74.97323009905116,-1.2812,1,trail_stop
2026-09-07T12:55:15.865576Z,entry,XAGUSD,long,2026-05-06 05:00:00,76.89967,76.89967,2.934182,73.965488,,0,donchian_breakout
2026-09-07T12:55:15.865576Z,exit,XAGUSD,long,2026-05-14 17:00:00,83.49846,76.89967,2.9341820422151326,84.32085048342198,2.1756,8,trail_stop
2026-09-07T12:55:15.865576Z,entry,XAGUSD,short,2026-05-14 21:00:00,82.32478,82.32478,4.771982,87.096762,,0,donchian_breakout
2026-09-07T12:55:15.865576Z,exit,XAGUSD,short,2026-05-24 05:00:00,75.51264,82.32478,4.771982338892826,75.44921197172475,1.3758,9,trail_stop
2026-09-07T12:55:15.865576Z,entry,XAGUSD,long,2026-05-24 21:00:00,78.00102,78.00102,2.207282,75.793738,,0,donchian_breakout
2026-09-07T12:55:15.865576Z,exit,XAGUSD,long,2026-05-27 05:00:00,75.45211,78.00102,2.207282359809202,75.92500561891876,-1.2113,2,trail_stop
2026-09-07T12:55:15.865576Z,entry,XAGUSD,short,2026-05-27 09:00:00,74.46077,74.46077,3.131429,77.592199,,0,donchian_breakout
2026-09-07T12:55:15.865576Z,exit,XAGUSD,short,2026-05-28 13:00:00,75.75877,74.46077,3.131429356233463,75.37383022187068,-0.4478,1,trail_stop
2026-09-07T12:55:15.865576Z,entry,XAGUSD,short,2026-06-01 13:00:00,74.97152,74.97152,2.367859,77.339379,,0,donchian_breakout
2026-09-07T12:55:15.865576Z,exit,XAGUSD,short,2026-06-11 17:00:00,67.34548,74.97152,2.3678588858579266,66.91744615527412,3.1193,10,trail_stop
2026-09-07T12:55:15.865576Z,entry,XAGUSD,long,2026-06-12 21:00:00,68.0512,68.0512,4.052018,63.999182,,0,donchian_breakout
2026-09-07T12:55:15.865576Z,exit,XAGUSD,long,2026-06-17 17:00:00,67.94603,68.0512,4.052018061275525,68.84450609947548,-0.0595,4,trail_stop
2026-09-07T12:55:15.865576Z,entry,XAGUSD,short,2026-06-18 09:00:00,66.49308,66.49308,3.72083,70.21391,,0,donchian_breakout
2026-09-07T12:55:15.865576Z,exit,XAGUSD,short,2026-06-21 21:00:00,66.15821,66.49308,3.720830394672566,65.30915187363571,0.0578,3,trail_stop
2026-09-07T12:55:15.865576Z,entry,XAGUSD,long,2026-06-22 09:00:00,66.20191,66.20191,2.387479,63.814431,,0,donchian_breakout
2026-09-07T12:55:15.865576Z,exit,XAGUSD,long,2026-06-23 01:00:00,62.63017,66.20191,2.3874791152881496,63.81443088471185,-1.5293,0,trail_stop
2026-09-07T12:55:15.865576Z,entry,XAGUSD,short,2026-06-23 05:00:00,62.01725,62.01725,2.984919,65.002169,,0,donchian_breakout
2026-09-07T12:55:15.865576Z,exit,XAGUSD,short,2026-06-28 01:00:00,58.91186,62.01725,2.984919030673015,58.81542588102245,0.9988,4,trail_stop
2026-09-07T12:55:15.865576Z,entry,XAGUSD,short,2026-06-29 21:00:00,57.34151,57.34151,2.323667,59.665177,,0,donchian_breakout
2026-09-07T12:55:15.865576Z,exit,XAGUSD,short,2026-07-01 13:00:00,60.12414,57.34151,2.3236673859658814,59.66517738596588,-1.2321,1,trail_stop
2026-09-07T12:55:15.865576Z,entry,XAGUSD,long,2026-07-02 05:00:00,60.20458,60.20458,3.287837,56.916743,,0,donchian_breakout
2026-09-07T12:55:15.865576Z,exit,XAGUSD,long,2026-07-07 01:00:00,60.83656,60.20458,3.287836887790399,61.467277465773115,0.1556,4,trail_stop
2026-09-07T12:55:15.865576Z,entry,XAGUSD,short,2026-07-07 17:00:00,59.98544,59.98544,2.310701,62.296141,,0,donchian_breakout
2026-09-07T12:55:15.865576Z,exit,XAGUSD,short,2026-07-11 21:00:00,59.74726,59.98544,2.310701305960637,59.665386699141834,0.0512,4,trail_stop
2026-09-07T12:55:15.865576Z,entry,XAGUSD,short,2026-07-12 21:00:00,59.11362,59.11362,1.477841,60.59146,,0,donchian_breakout
2026-09-07T12:55:15.865576Z,exit,XAGUSD,short,2026-07-19 21:00:00,56.39761,59.11362,1.4778405000000001,56.21856317060137,1.7338,7,trail_stop
2026-09-07T12:55:15.865576Z,entry,XAGUSD,long,2026-07-20 01:00:00,56.88468,56.88468,1.445813,55.438867,,0,donchian_breakout
2026-09-07T12:55:15.865576Z,exit,XAGUSD,long,2026-07-23 09:00:00,57.75692,56.88468,1.4458130399573021,57.97173836298738,0.5325,3,trail_stop
2026-09-07T12:55:15.865576Z,entry,XAGUSD,long,2026-07-26 21:00:00,59.65133,59.65133,1.491283,58.160047,,0,donchian_breakout
2026-09-07T12:55:15.865576Z,exit,XAGUSD,long,2026-07-27 21:00:00,57.96397,59.65133,1.4912832500000002,58.21797808440393,-1.1875,1,trail_stop
2026-09-07T12:55:15.865576Z,entry,XAGUSD,short,2026-07-28 01:00:00,57.22091,57.22091,1.715746,58.936656,,0,donchian_breakout
2026-09-07T12:55:15.865576Z,exit,XAGUSD,short,2026-07-30 17:00:00,59.00626,57.22091,1.7157463674489843,58.89652580608013,-1.0939,2,trail_stop
2026-09-07T12:55:15.865576Z,entry,XAGUSD,long,2026-08-04 01:00:00,58.98442,58.98442,1.731458,57.252962,,0,donchian_breakout
2026-09-07T12:55:15.865576Z,exit,XAGUSD,long,2026-08-09 21:00:00,63.39766,58.98442,1.7314575153316443,63.52549024726639,2.4739,5,trail_stop
2026-09-07T12:55:15.865576Z,entry,XAGUSD,long,2026-08-10 13:00:00,64.91058,64.91058,1.698578,63.212002,,0,donchian_breakout
2026-09-07T12:55:15.865576Z,exit,XAGUSD,long,2026-08-13 21:00:00,64.13624,64.91058,1.6985784677733227,64.24473119625225,-0.5247,3,trail_stop
2026-09-07T12:55:15.865576Z,entry,XAGUSD,short,2026-08-14 01:00:00,63.98511,63.98511,2.521122,66.506232,,0,donchian_breakout
2026-09-07T12:55:15.865576Z,exit,XAGUSD,short,2026-08-16 21:00:00,65.46147,63.98511,2.521121972421686,65.01558536335456,-0.6262,2,trail_stop
2026-09-07T12:55:15.865576Z,entry,XAGUSD,long,2026-08-17 05:00:00,65.52421,65.52421,1.638105,63.886105,,0,donchian_breakout
2026-09-07T12:55:15.865576Z,exit,XAGUSD,long,2026-08-18 13:00:00,63.84816,65.52421,1.63810525,64.8336355272803,-1.0792,1,trail_stop
2026-09-07T12:55:15.865576Z,entry,XAGUSD,short,2026-08-18 17:00:00,63.33845,63.33845,2.066968,65.405418,,0,donchian_breakout
2026-09-07T12:55:15.865576Z,exit,XAGUSD,short,2026-08-19 13:00:00,65.83055,63.33845,2.066968119063368,64.93541312306995,-1.2425,0,trail_stop
2026-09-07T12:55:15.865576Z,entry,XAGUSD,long,2026-08-19 17:00:00,67.01816,67.01816,2.661192,64.356968,,0,donchian_breakout
2026-09-07T12:55:15.865576Z,exit,XAGUSD,long,2026-08-25 01:00:00,67.81208,67.01816,2.6611921857559535,68.65543675747689,0.2429,5,trail_stop
2026-09-07T12:55:15.865576Z,entry,XAGUSD,long,2026-08-27 13:00:00,69.53497,69.53497,2.709484,66.825486,,0,donchian_breakout
2026-09-07T12:55:15.865576Z,exit,XAGUSD,long,2026-08-28 13:00:00,67.03769,69.53497,2.709484399470239,67.84102077915358,-0.9576,1,trail_stop
2026-09-07T12:55:15.865576Z,entry,XAGUSD,short,2026-08-28 17:00:00,66.39243,66.39243,3.670899,70.063329,,0,donchian_breakout
2026-09-07T12:55:15.865576Z,exit,XAGUSD,short,2026-09-03 01:00:00,66.19127,66.39243,3.670898511852267,66.04499514732633,0.015,5,trail_stop
2026-09-07T12:55:15.865576Z,entry,XAGUSD,long,2026-09-03 13:00:00,67.02108,67.02108,2.526464,64.494616,,0,donchian_breakout
2026-09-07T12:55:15.865576Z,exit,XAGUSD,long,2026-09-07 01:00:00,65.74764,67.02108,2.5264641925965057,65.83509104310782,-0.5518,3,trail_stop
2026-09-08T01:23:10.870975Z,entry,XAGUSD,long,2026-09-07 21:00:00,66.64139,66.64139,1.666035,64.975355,,0,donchian_breakout
