p_score,rel_atr,ema21_slope,bias_long,bias_short,momentum_vol_ratio,order_flow_imbalance,order_flow_pressure,order_flow_aggressor,news_sentiment,news_event_severity,realtime_confidence,volatility_ratio,volatility_regime_flag,precision_score,precision_trigger_ready,precision_trigger_arming,precision_trigger_fire,precision_trigger_confidence,precision_order_flow_ready,structure_flip_flag,momentum_trail_activation_rr,momentum_trail_lock_ratio,momentum_trail_price,timestamp,close,label
0.0,0.0009882120497958,0.0015280404143784,0.0,0.0,0.0,0.0,0.0,0.0,0.0,0.0,0.4532303370786517,0.0,0.0,0.0,0.0,0.0,0.0,0.0,0.0,1.0,0.0,0.0,0.0,2025-10-24 21:01:39+00:00,,0
1.2000000000000002,0.0005448270007152,0.0038205621017671,0.0,0.0,0.0,0.0,0.0,0.0,0.0,0.0,0.2,0.0,0.0,0.0,0.0,0.0,0.0,0.0,0.0,1.0,0.0,0.0,0.0,2025-10-25 07:13:02+00:00,,0
1.2000000000000002,0.0010241095291419,0.0038710135660236,0.0,0.0,0.0,0.0,0.0,0.0,0.0,0.0,0.2,0.0,0.0,0.0,0.0,0.0,0.0,0.0,0.0,0.0,0.0,0.0,0.0,2025-10-25 07:59:06+00:00,,0
6.0,0.0009472267296698,0.004065865369164,0.0,0.0,0.0,0.0,0.0,0.0,0.0,0.0,1.0,0.0,0.0,0.0,0.0,0.0,0.0,0.0,0.0,1.0,0.0,0.0,0.0,2025-10-25 08:15:45+00:00,,0
6.0,0.0010798595894694,0.0041479674938467,0.0,0.0,0.0,0.0,0.0,0.0,0.0,0.0,1.0,0.0,0.0,0.0,0.0,0.0,0.0,0.0,0.0,1.0,0.0,0.0,0.0,2025-10-25 08:27:13+00:00,,0
6.0,0.0008642354950664,0.0040559487129241,0.0,0.0,0.0,0.0,0.0,0.0,0.0,0.0,1.0,0.0,0.0,0.0,0.0,0.0,0.0,0.0,0.0,0.0,0.0,0.0,0.0,2025-10-25 08:41:42+00:00,,0
6.0,0.0007722847396881,0.0041245879935957,0.0,0.0,0.0,0.0,0.0,0.0,0.0,0.0,1.0,0.0,0.0,0.0,0.0,0.0,0.0,0.0,0.0,1.0,0.0,0.0,0.0,2025-10-25 08:49:10+00:00,,0
6.0,0.0007418389845982,0.004174540640957,0.0,0.0,0.0,0.0,0.0,0.0,0.0,0.0,1.0,0.0,0.0,0.0,0.0,0.0,0.0,0.0,0.0,1.0,0.0,0.0,0.0,2025-10-25 08:54:27+00:00,,0
6.0,0.0007881279094609,0.0043828961890016,0.0,0.0,0.0,0.0,0.0,0.0,0.0,0.0,1.0,0.0,0.0,0.0,0.0,0.0,0.0,0.0,0.0,0.0,0.0,0.0,0.0,2025-10-25 09:07:28+00:00,,0
6.0,0.0009124335187235,0.0042655928677002,0.0,0.0,0.0,0.0,0.0,0.0,0.0,0.0,1.0,0.0,0.0,0.0,0.0,0.0,0.0,0.0,0.0,0.0,0.0,0.0,0.0,2025-10-25 09:28:29+00:00,,0
6.0,0.0008685209172805,0.0043440654111822,0.0,0.0,0.0,0.0,0.0,0.0,0.0,0.0,1.0,0.0,0.0,0.0,0.0,0.0,0.0,0.0,0.0,0.0,0.0,0.0,0.0,2025-10-25 09:39:22+00:00,,0
6.0,0.0009030089731311,0.0043165204470666,0.0,0.0,0.0,0.0,0.0,0.0,0.0,0.0,1.0,0.0,0.0,0.0,0.0,0.0,0.0,0.0,0.0,1.0,0.0,0.0,0.0,2025-10-25 09:49:15+00:00,,0
3.0,0.0008979720896736,0.0041659031323112,0.0,0.0,0.0,0.0,0.0,0.0,0.0,0.0,0.8325208523947276,0.0,0.0,0.0,0.0,0.0,0.0,0.0,0.0,0.0,0.0,0.0,0.0,2025-10-25 09:57:43+00:00,,0
21.0,0.0008294462548801,0.004166795294274,0.0,0.0,0.0,0.0,0.0,0.0,0.0,0.0,0.9241326449616746,0.0,0.0,0.0,0.0,0.0,0.0,0.0,0.0,0.0,0.0,0.0,0.0,2025-10-25 10:17:29+00:00,,0
24.0,0.0008107354032815,0.00428666192276,0.0,0.0,0.0,0.0,0.0,0.0,0.0,0.0,0.6684734165881333,0.0,0.0,0.0,0.0,0.0,0.0,0.0,0.0,0.0,0.0,0.0,0.0,2025-10-25 11:00:06+00:00,,0
6.0,0.0007625039496591,0.0048394041134491,0.0,0.0,0.0,0.0,0.0,0.0,0.0,0.0,0.9778582449501284,0.0,0.0,0.0,0.0,0.0,0.0,0.0,0.0,1.0,0.0,0.0,0.0,2025-10-25 13:02:27+00:00,111818.0,0
24.0,0.0007432986464471,0.0049094604071781,0.0,0.0,0.0,0.0,0.0,0.0,0.0,0.0,1.0,0.0,0.0,0.0,0.0,0.0,0.0,0.0,0.0,0.0,0.0,0.0,0.0,2025-10-25 14:44:58+00:00,111624.65,0
21.0,0.0006505278310166,0.0048970255828166,0.0,0.0,0.0,0.0,0.0,0.0,0.0,0.0,1.0,0.0,0.0,0.0,0.0,0.0,0.0,0.0,0.0,0.0,0.0,0.0,0.0,2025-10-25 14:49:32+00:00,111611.98,0
21.0,0.0005713352451901,0.0048939355798937,0.0,0.0,0.0,0.0,0.0,0.0,0.0,0.0,1.0,0.0,0.0,0.0,0.0,0.0,0.0,0.0,0.0,0.0,0.0,0.0,0.0,2025-10-25 14:54:27+00:00,111611.98,0
21.0,0.0005769797932341,0.0048871922839757,0.0,0.0,0.0,0.0,0.0,0.0,0.0,0.0,1.0,0.0,0.0,0.0,0.0,0.0,0.0,0.0,0.0,0.0,0.0,0.0,0.0,2025-10-25 15:00:05+00:00,111505.05,0
21.0,0.0005182111403146,0.0048998264761139,0.0,0.0,0.0,0.0,0.0,0.0,0.0,0.0,1.0,0.0,0.0,0.0,0.0,0.0,0.0,0.0,0.0,0.0,0.0,0.0,0.0,2025-10-25 15:04:18+00:00,111485.07,0
21.0,0.0005571082618347,0.0047900969840674,0.0,0.0,0.0,0.0,0.0,0.0,0.0,0.0,1.0,0.0,0.0,0.0,0.0,0.0,0.0,0.0,0.0,0.0,0.0,0.0,0.0,2025-10-25 15:16:04+00:00,,0
21.0,0.0005571195573187,0.0047883509038541,0.0,0.0,0.0,0.0,0.0,0.0,0.0,0.0,1.0,0.0,0.0,0.0,0.0,0.0,0.0,0.0,0.0,0.0,0.0,0.0,0.0,2025-10-25 15:27:00+00:00,,0
21.0,0.0005287765644268,0.0047883509038541,0.0,0.0,0.0,0.0,0.0,0.0,0.0,0.0,1.0,0.0,0.0,0.0,0.0,0.0,0.0,0.0,0.0,0.0,0.0,0.0,0.0,2025-10-25 15:39:23+00:00,,0
24.0,0.0004757816398923,0.0047883509038541,0.0,0.0,0.0,0.0,0.0,0.0,0.0,0.0,1.0,0.0,0.0,0.0,0.0,0.0,0.0,0.0,0.0,1.0,0.0,0.0,0.0,2025-10-25 15:48:13+00:00,,0
21.0,0.0005444187180893,0.0047883509038541,0.0,0.0,0.0,0.0,0.0,0.0,0.0,0.0,1.0,0.0,0.0,0.0,0.0,0.0,0.0,0.0,0.0,0.0,0.0,0.0,0.0,2025-10-25 15:58:23+00:00,,0
21.0,0.0006717731473756,0.0047883509038541,0.0,0.0,0.0,0.0,0.0,0.0,0.0,0.0,1.0,0.0,0.0,0.0,0.0,0.0,0.0,0.0,0.0,0.0,0.0,0.0,0.0,2025-10-25 16:21:34+00:00,,0
21.0,0.0006437313348286,0.0047883509038541,0.0,0.0,0.0,0.0,0.0,0.0,0.0,0.0,1.0,0.0,0.0,0.0,0.0,0.0,0.0,0.0,0.0,0.0,0.0,0.0,0.0,2025-10-25 16:42:05+00:00,,0
24.0,0.0006574126122024,0.0047883509038541,0.0,0.0,0.0,0.0,0.0,0.0,0.0,0.0,0.970364641736303,0.0,0.0,0.0,0.0,0.0,0.0,0.0,0.0,1.0,0.0,0.0,0.0,2025-10-25 16:53:03+00:00,,0
24.0,0.0006224756921828,0.0047883509038541,0.0,0.0,0.0,0.0,0.0,0.0,0.0,0.0,1.0,0.0,0.0,0.0,0.0,0.0,0.0,0.0,0.0,1.0,0.0,0.0,0.0,2025-10-25 17:02:26+00:00,,0
21.0,0.0004716227878944,0.0047883509038541,0.0,0.0,0.0,0.0,0.0,0.0,0.0,0.0,1.0,0.0,0.0,0.0,0.0,0.0,0.0,0.0,0.0,0.0,0.0,0.0,0.0,2025-10-25 17:24:03+00:00,,0
21.0,0.0004604470746673,0.004022541797547,0.0,0.0,0.0,0.0,0.0,0.0,0.0,0.0,1.0,0.0,0.0,0.0,0.0,0.0,0.0,0.0,0.0,0.0,0.0,0.0,0.0,2025-10-25 17:35:37+00:00,,0
21.0,0.000409419434514,0.0039788331052948,0.0,0.0,0.0,0.0,0.0,0.0,0.0,0.0,1.0,0.0,0.0,0.0,0.0,0.0,0.0,0.0,0.0,0.0,0.0,0.0,0.0,2025-10-25 17:45:03+00:00,,0
24.0,0.0004521165544866,0.0040113046112016,0.0,0.0,0.0,0.0,0.0,0.0,0.0,0.0,0.9157923670484712,0.0,0.0,0.0,0.0,0.0,0.0,0.0,0.0,0.0,0.0,0.0,0.0,2025-10-25 17:54:48+00:00,,0
24.0,0.0004228187558201,0.0037125357028984,0.0,0.0,0.0,0.0,0.0,0.0,0.0,0.0,1.0,0.0,0.0,0.0,0.0,0.0,0.0,0.0,0.0,1.0,0.0,0.0,0.0,2025-10-25 18:14:26+00:00,,0
24.0,0.0005367482314305,0.0039234497292952,0.0,0.0,0.0,0.0,0.0,0.0,0.0,0.0,1.0,0.0,0.0,0.0,0.0,0.0,0.0,0.0,0.0,1.0,0.0,0.0,0.0,2025-10-25 18:41:03+00:00,,0
24.0,0.0005687951017566,0.0038712847870854,0.0,0.0,0.0,0.0,0.0,0.0,0.0,0.0,1.0,0.0,0.0,0.0,0.0,0.0,0.0,0.0,0.0,0.0,0.0,0.0,0.0,2025-10-25 18:53:24+00:00,,0
24.0,0.0006361057048171,0.0039466677053455,0.0,0.0,0.0,0.0,0.0,0.0,0.0,0.0,0.9903328625063248,0.0,0.0,0.0,0.0,0.0,0.0,0.0,0.0,0.0,0.0,0.0,0.0,2025-10-25 19:03:16+00:00,,0
21.0,0.0006676014791928,0.0037285320548258,0.0,0.0,0.0,0.0,0.0,0.0,0.0,0.0,0.9508629294365384,0.0,0.0,0.0,0.0,0.0,0.0,0.0,0.0,0.0,0.0,0.0,0.0,2025-10-25 19:22:23+00:00,,0
21.0,0.0006330170042578,0.0037096958592592,0.0,0.0,0.0,0.0,0.0,0.0,0.0,0.0,1.0,0.0,0.0,0.0,0.0,0.0,0.0,0.0,0.0,0.0,0.0,0.0,0.0,2025-10-25 19:31:46+00:00,,0
21.0,0.000590819715496,0.0037221370949862,0.0,0.0,0.0,0.0,0.0,0.0,0.0,0.0,0.8543227109788731,0.0,0.0,0.0,0.0,0.0,0.0,0.0,0.0,0.0,0.0,0.0,0.0,2025-10-25 19:42:53+00:00,,0
21.0,0.0005200551506068,0.0036890776103849,0.0,0.0,0.0,0.0,0.0,0.0,0.0,0.0,1.0,0.0,0.0,0.0,0.0,0.0,0.0,0.0,0.0,0.0,0.0,0.0,0.0,2025-10-25 19:52:45+00:00,,0
21.0,0.0004950443657872,0.0036999934491785,0.0,0.0,0.0,0.0,0.0,0.0,0.0,0.0,1.0,0.0,0.0,0.0,0.0,0.0,0.0,0.0,0.0,0.0,0.0,0.0,0.0,2025-10-25 20:02:11+00:00,,0
21.0,0.000388490604583,0.0031955377400028,0.0,0.0,0.0,0.0,0.0,0.0,0.0,0.0,0.983150156573313,0.0,0.0,0.0,0.0,0.0,0.0,0.0,0.0,0.0,0.0,0.0,0.0,2025-10-25 20:29:23+00:00,,0
21.0,0.0003971799779407,0.0030869675366567,0.0,0.0,0.0,0.0,0.0,0.0,0.0,0.0,0.9736534944817432,0.0,0.0,0.0,0.0,0.0,0.0,0.0,0.0,0.0,0.0,0.0,0.0,2025-10-25 20:42:36+00:00,,0
24.0,0.0004389351083236,0.0031596371970652,0.0,0.0,0.0,0.0,0.0,0.0,0.0,0.0,0.8266891786648116,0.0,0.0,0.0,0.0,0.0,0.0,0.0,0.0,0.0,0.0,0.0,0.0,2025-10-25 20:52:06+00:00,,0
24.0,0.0004217357881966,0.003135558569457,0.0,0.0,0.0,0.0,0.0,0.0,0.0,0.0,0.8211044175116026,0.0,0.0,0.0,0.0,0.0,0.0,0.0,0.0,1.0,0.0,0.0,0.0,2025-10-25 21:01:24+00:00,111453.82,0
21.0,0.0006182077620609,0.0045011837380908,0.0,0.0,0.0,0.0,0.0,0.0,0.0,0.0,1.0,0.0,0.0,0.0,0.0,0.0,0.0,0.0,0.0,0.0,0.0,0.0,0.0,2025-10-25 21:22:19+00:00,111407.91,1
21.0,0.0005278705225685,0.0044984541410383,0.0,0.0,0.0,0.0,0.0,0.0,0.0,0.0,0.9610875574271976,0.0,0.0,0.0,0.0,0.0,0.0,0.0,0.0,0.0,0.0,0.0,0.0,2025-10-25 21:33:05+00:00,111386.0,1
21.0,0.0004901744512647,0.0044596007304836,0.0,0.0,0.0,0.0,0.0,0.0,0.0,0.0,0.9355042536664596,0.0,0.0,0.0,0.0,0.0,0.0,0.0,0.0,0.0,0.0,0.0,0.0,2025-10-25 21:43:14+00:00,111395.17,1
24.0,0.0004852769548433,0.0044723358978507,0.0,0.0,0.0,0.0,0.0,0.0,0.0,0.0,0.9157275557788428,0.0,0.0,0.0,0.0,0.0,0.0,0.0,0.0,0.0,0.0,0.0,0.0,2025-10-25 21:53:07+00:00,111500.0,1
24.0,0.0005023190262652,0.0045536019519119,0.0,0.0,0.0,0.0,0.0,0.0,0.0,0.0,1.0,0.0,0.0,0.0,0.0,0.0,0.0,0.0,0.0,1.0,0.0,0.0,0.0,2025-10-25 22:02:02+00:00,111466.01,1
24.0,0.0005203448293535,0.0041983242064397,0.0,0.0,0.0,0.0,0.0,0.0,0.0,0.0,1.0,0.0,0.0,0.0,0.0,0.0,0.0,0.0,0.0,1.0,0.0,0.0,0.0,2025-10-25 22:25:06+00:00,111533.99,1
24.0,0.0005315872247452,0.0042731335630182,0.0,0.0,0.0,0.0,0.0,0.0,0.0,0.0,0.8964131524464296,0.0,0.0,0.0,0.0,0.0,0.0,0.0,0.0,1.0,0.0,0.0,0.0,2025-10-25 22:37:57+00:00,111610.0,0
24.0,0.0005057160052254,0.0043009229466644,0.0,0.0,0.0,0.0,0.0,0.0,0.0,0.0,0.90733329364262,0.0,0.0,0.0,0.0,0.0,0.0,0.0,0.0,1.0,0.0,0.0,0.0,2025-10-25 22:47:31+00:00,111695.71,0
24.0,0.0005388637700642,0.0043675447873003,0.0,0.0,0.0,0.0,0.0,0.0,0.0,0.0,0.9119969726549548,0.0,0.0,0.0,0.0,0.0,0.0,0.0,0.0,1.0,0.0,0.0,0.0,2025-10-25 22:57:08+00:00,111636.0,0
21.0,0.0005893367808601,0.0041104786250426,0.0,0.0,0.0,0.0,0.0,0.0,0.0,0.0,0.9745730590342092,0.0,0.0,0.0,0.0,0.0,0.0,0.0,0.0,0.0,0.0,0.0,0.0,2025-10-25 23:15:08+00:00,111595.0,1
21.0,0.0005568205356673,0.0041002272488434,0.0,0.0,0.0,0.0,0.0,0.0,0.0,0.0,1.0,0.0,0.0,0.0,0.0,0.0,0.0,0.0,0.0,0.0,0.0,0.0,0.0,2025-10-25 23:29:58+00:00,111626.12,0
21.0,0.0006282399904411,0.0041100819931501,0.0,0.0,0.0,0.0,0.0,0.0,0.0,0.0,1.0,0.0,0.0,0.0,0.0,0.0,0.0,0.0,0.0,0.0,0.0,0.0,0.0,2025-10-25 23:41:10+00:00,111578.82,1
21.0,0.0006375650704852,0.0041026308616249,0.0,0.0,0.0,0.0,0.0,0.0,0.0,0.0,0.8950980104883327,0.0,0.0,0.0,0.0,0.0,0.0,0.0,0.0,0.0,0.0,0.0,0.0,2025-10-25 23:50:58+00:00,111638.0,0
24.0,0.0006689310335712,0.0041455467706175,0.0,0.0,0.0,0.0,0.0,0.0,0.0,0.0,1.0,0.0,0.0,0.0,0.0,0.0,0.0,0.0,0.0,1.0,0.0,0.0,0.0,2025-10-26 00:00:37+00:00,111615.66,0
16.0,0.0009110971463799,0.0036215055188339,0.0,0.0,0.0,0.0,0.0,0.0,0.0,0.0,1.0,0.0,0.0,0.0,0.0,0.0,0.0,0.0,0.0,1.0,0.0,0.0,0.0,2025-10-26 01:55:17+00:00,111658.21,0
21.0,0.0009371859727096,0.0027257373855577,0.0,0.0,0.0,0.0,0.0,0.0,0.0,0.0,1.0,0.0,0.0,0.0,0.0,0.0,0.0,0.0,0.0,0.0,0.0,0.0,0.0,2025-10-26 03:06:40+00:00,111464.01,1
21.0,0.0006833025890584,0.0026319751597987,0.0,0.0,0.0,0.0,0.0,0.0,0.0,0.0,1.0,0.0,0.0,0.0,0.0,0.0,0.0,0.0,0.0,0.0,0.0,0.0,0.0,2025-10-26 03:49:05+00:00,111336.89,1
13.0,0.0006424637950565,0.0025946905989468,0.0,0.0,0.0,0.0,0.0,0.0,0.0,0.0,0.9656713066450916,0.0,0.0,0.0,0.0,0.0,0.0,0.0,0.0,0.0,0.0,0.0,0.0,2025-10-26 04:01:32+00:00,111295.09,1
24.0,0.0006068050167061,0.0022187086275561,0.0,0.0,0.0,0.0,0.0,0.0,0.0,0.0,0.8133375865123115,0.0,0.0,0.0,0.0,0.0,0.0,0.0,0.0,1.0,0.0,0.0,0.0,2025-10-26 04:30:57+00:00,111466.28,1
24.0,0.0006115169245127,0.0022298510353232,0.0,0.0,0.0,0.0,0.0,0.0,0.0,0.0,1.0,0.0,0.0,0.0,0.0,0.0,0.0,0.0,0.0,0.0,0.0,0.0,0.0,2025-10-26 04:46:05+00:00,111478.0,1
24.0,0.0005434558529815,0.0022520558690212,0.0,0.0,0.0,0.0,0.0,0.0,0.0,0.0,0.8739441952672219,0.0,0.0,0.0,0.0,0.0,0.0,0.0,0.0,1.0,0.0,0.0,0.0,2025-10-26 04:55:35+00:00,111441.89,1
21.0,0.0005104166198034,0.0016689997652788,0.0,0.0,0.0,0.0,0.0,0.0,0.0,0.0,0.8785669397083473,0.0,0.0,0.0,0.0,0.0,0.0,0.0,0.0,0.0,0.0,0.0,0.0,2025-10-26 05:13:58+00:00,111498.98,1
24.0,0.0004293308725341,0.0016899530376662,0.0,0.0,0.0,0.0,0.0,0.0,0.0,0.0,1.0,0.0,0.0,0.0,0.0,0.0,0.0,0.0,0.0,0.0,0.0,0.0,0.0,2025-10-26 05:34:21+00:00,111643.25,0
24.0,0.0004653017644293,0.0018014766603182,0.0,0.0,0.0,0.0,0.0,0.0,0.0,0.0,1.0,0.0,0.0,0.0,0.0,0.0,0.0,0.0,0.0,1.0,0.0,0.0,0.0,2025-10-26 05:46:03+00:00,111645.84,0
24.0,0.000457652750179,0.0017996248741693,0.0,0.0,0.0,0.0,0.0,0.0,0.0,0.0,0.7943146758282524,0.0,0.0,0.0,0.0,0.0,0.0,0.0,0.0,0.0,0.0,0.0,0.0,2025-10-26 05:55:58+00:00,111619.39,1
21.0,0.0003910189593486,0.0015113364248342,0.0,0.0,0.0,0.0,0.0,0.0,0.0,0.0,1.0,0.0,0.0,0.0,0.0,0.0,0.0,0.0,0.0,0.0,0.0,0.0,0.0,2025-10-26 06:20:03+00:00,111623.22,1
24.0,0.0004255351449417,0.0015449875424408,0.0,0.0,0.0,0.0,0.0,0.0,0.0,0.0,1.0,0.0,0.0,0.0,0.0,0.0,0.0,0.0,0.0,0.0,0.0,0.0,0.0,2025-10-26 06:46:25+00:00,111613.9,1
21.0,0.0003907483337425,0.0015556519245475,0.0,0.0,0.0,0.0,0.0,0.0,0.0,0.0,0.8212314937723995,0.0,0.0,0.0,0.0,0.0,0.0,0.0,0.0,0.0,0.0,0.0,0.0,2025-10-26 06:57:08+00:00,111642.0,1
24.0,0.0004271892407592,0.0014805105755421,0.0,0.0,0.0,0.0,0.0,0.0,0.0,0.0,0.947023550485825,0.0,0.0,0.0,0.0,0.0,0.0,0.0,0.0,1.0,0.0,0.0,0.0,2025-10-26 07:15:35+00:00,111681.43,1
21.0,0.0004236376935802,0.0014732145465738,0.0,0.0,0.0,0.0,0.0,0.0,0.0,0.0,0.777127804653113,0.0,0.0,0.0,0.0,0.0,0.0,0.0,0.0,0.0,0.0,0.0,0.0,2025-10-26 07:29:57+00:00,111663.5,1
24.0,0.000410260126239,0.0015155245530381,0.0,0.0,0.0,0.0,0.0,0.0,0.0,0.0,0.9228985376890144,0.0,0.0,0.0,0.0,0.0,0.0,0.0,0.0,1.0,0.0,0.0,0.0,2025-10-26 07:40:28+00:00,111678.42,1
24.0,0.0003808564779295,0.0015190772511639,0.0,0.0,0.0,0.0,0.0,0.0,0.0,0.0,0.967845193505265,0.0,0.0,0.0,0.0,0.0,0.0,0.0,0.0,1.0,0.0,0.0,0.0,2025-10-26 07:50:02+00:00,111715.98,1
24.0,0.0004095697032176,0.0015372444068572,0.0,0.0,0.0,0.0,0.0,0.0,0.0,0.0,1.0,0.0,0.0,0.0,0.0,0.0,0.0,0.0,0.0,1.0,0.0,0.0,0.0,2025-10-26 08:00:04+00:00,111805.97,0
6.0,0.0004277985100895,0.001681544195426,0.0,0.0,0.0,0.0,0.0,0.0,0.0,0.0,0.9223055825887246,0.0,0.0,0.0,0.0,0.0,0.0,0.0,0.0,0.0,0.0,0.0,0.0,2025-10-26 08:27:22+00:00,111825.96,0
6.0,0.0004590254567899,0.0017249996123203,0.0,0.0,0.0,0.0,0.0,0.0,0.0,0.0,0.8604635190878771,0.0,0.0,0.0,0.0,0.0,0.0,0.0,0.0,1.0,0.0,0.0,0.0,2025-10-26 08:44:02+00:00,111852.01,1
6.0,0.0004535904182678,0.0017161572182781,0.0,0.0,0.0,0.0,0.0,0.0,0.0,0.0,0.8635551133899467,0.0,0.0,0.0,0.0,0.0,0.0,0.0,0.0,1.0,0.0,0.0,0.0,2025-10-26 08:53:54+00:00,111796.46,1
6.0,0.0004392101758601,0.0016707535457795,0.0,0.0,0.0,0.0,0.0,0.0,0.0,0.0,0.911896093712396,0.0,0.0,0.0,0.0,0.0,0.0,0.0,0.0,0.0,0.0,0.0,0.0,2025-10-26 09:03:08+00:00,111760.0,1
6.0,0.0006437535706283,0.0019950507893779,0.0,0.0,0.0,0.0,0.0,0.0,0.0,0.0,0.988819488942293,0.0,0.0,0.0,0.0,0.0,0.0,0.0,0.0,0.0,0.0,0.0,0.0,2025-10-26 09:26:36+00:00,112678.29,0
6.0,0.0012631071373632,0.0022886573529259,0.0,0.0,0.0,0.0,0.0,0.0,0.0,0.0,0.9626655534949574,0.0,0.0,0.0,0.0,0.0,0.0,0.0,0.0,1.0,0.0,0.0,0.0,2025-10-26 09:38:01+00:00,112354.48,1
6.0,0.001480525480707,0.0022027064531967,0.0,0.0,0.0,0.0,0.0,0.0,0.0,0.0,0.9523254791628428,0.0,0.0,0.0,0.0,0.0,0.0,0.0,0.0,0.0,0.0,0.0,0.0,2025-10-26 09:47:45+00:00,112436.02,1
6.0,0.0017166076408897,0.0022749283848819,0.0,0.0,0.0,0.0,0.0,0.0,0.0,0.0,1.0,0.0,0.0,0.0,0.0,0.0,0.0,0.0,0.0,0.0,0.0,0.0,0.0,2025-10-26 09:57:17+00:00,112557.99,0
3.0,0.001893883050979,0.002782089666225,0.0,0.0,0.0,0.0,0.0,0.0,0.0,0.0,1.0,0.0,0.0,0.0,0.0,0.0,0.0,0.0,0.0,0.0,0.0,0.0,0.0,2025-10-26 10:16:59+00:00,112401.95,1
3.0,0.0016175734482226,0.0026610096421163,0.0,0.0,0.0,0.0,0.0,0.0,0.0,0.0,0.9483325186120511,0.0,0.0,0.0,0.0,0.0,0.0,0.0,0.0,0.0,0.0,0.0,0.0,2025-10-26 10:36:21+00:00,112458.46,1
6.0,0.0012995798385489,0.0027896069468502,0.0,0.0,0.0,0.0,0.0,0.0,0.0,0.0,0.9350085848510868,0.0,0.0,0.0,0.0,0.0,0.0,0.0,0.0,0.0,0.0,0.0,0.0,2025-10-26 10:46:51+00:00,112516.51,1
6.0,0.001121788791734,0.0028521880694132,0.0,0.0,0.0,0.0,0.0,0.0,0.0,0.0,0.9886059755854056,0.0,0.0,0.0,0.0,0.0,0.0,0.0,0.0,1.0,0.0,0.0,0.0,2025-10-26 10:56:31+00:00,112499.99,1
6.0,0.0008943605505515,0.0032812432979556,0.0,0.0,0.0,0.0,0.0,0.0,0.0,0.0,0.8625478742157968,0.0,0.0,0.0,0.0,0.0,0.0,0.0,0.0,1.0,0.0,0.0,0.0,2025-10-26 11:05:26+00:00,112543.94,1
6.0,0.0009447695628677,0.0032966675639016,0.0,0.0,0.0,0.0,0.0,0.0,0.0,0.0,0.8918422101613377,0.0,0.0,0.0,0.0,0.0,0.0,0.0,0.0,1.0,0.0,0.0,0.0,2025-10-26 11:12:45+00:00,112623.79,1
6.0,0.0009322914720602,0.0033977911298287,0.0,0.0,0.0,0.0,0.0,0.0,0.0,0.0,0.9359701441084426,0.0,0.0,0.0,0.0,0.0,0.0,0.0,0.0,1.0,0.0,0.0,0.0,2025-10-26 11:27:26+00:00,112700.0,1
16.0,0.0010815723531673,0.0034930399851497,0.0,0.0,0.0,0.0,0.0,0.0,0.0,0.0,0.9128156674483808,0.0,0.0,0.0,0.0,0.0,0.0,0.0,0.0,1.0,0.0,0.0,0.0,2025-10-26 11:39:03+00:00,113341.61,1
6.0,0.0012848704523809,0.0039132619614027,0.0,0.0,0.0,0.0,0.0,0.0,0.0,0.0,0.9304844020490592,0.0,0.0,0.0,0.0,0.0,0.0,0.0,0.0,1.0,0.0,0.0,0.0,2025-10-26 11:48:41+00:00,113207.02,1
6.0,0.0014722080460583,0.003809834023647,0.0,0.0,0.0,0.0,0.0,0.0,0.0,0.0,0.9316613120137271,0.0,0.0,0.0,0.0,0.0,0.0,0.0,0.0,1.0,0.0,0.0,0.0,2025-10-26 11:58:14+00:00,113437.78,1
6.0,0.001590620237556,0.0048860341721176,0.0,0.0,0.0,0.0,0.0,0.0,0.0,0.0,0.9859072327234276,0.0,0.0,0.0,0.0,0.0,0.0,0.0,0.0,1.0,0.0,0.0,0.0,2025-10-26 12:08:24+00:00,113733.78,0
6.0,0.0018659719849722,0.0051161232531097,0.0,0.0,0.0,0.0,0.0,0.0,0.0,0.0,0.9533102126983192,0.0,0.0,0.0,0.0,0.0,0.0,0.0,0.0,1.0,0.0,0.0,0.0,2025-10-26 12:33:58+00:00,113567.76,1
3.0,0.001970631343285,0.0049438102762995,0.0,0.0,0.0,0.0,0.0,0.0,0.0,0.0,0.845142193168089,0.0,0.0,0.0,0.0,0.0,0.0,0.0,0.0,0.0,0.0,0.0,0.0,2025-10-26 12:45:18+00:00,113726.01,0
3.0,0.0016406616867493,0.0061091259975973,0.0,0.0,0.0,0.0,0.0,0.0,0.0,0.0,0.9775968435438392,0.0,0.0,0.0,0.0,0.0,0.0,0.0,0.0,0.0,0.0,0.0,0.0,2025-10-26 13:05:35+00:00,113485.99,1
6.0,0.0015352010445966,0.006075038448742,0.0,0.0,0.0,0.0,0.0,0.0,0.0,0.0,1.0,0.0,0.0,0.0,0.0,0.0,0.0,0.0,0.0,0.0,0.0,0.0,0.0,2025-10-26 13:27:24+00:00,113641.61,1
6.0,0.0015563464323122,0.006132974717081,0.0,0.0,0.0,0.0,0.0,0.0,0.0,0.0,1.0,0.0,0.0,0.0,0.0,0.0,0.0,0.0,0.0,0.0,0.0,0.0,0.0,2025-10-26 13:33:13+00:00,113658.98,1
6.0,0.0014274780865617,0.0061481753769322,0.0,0.0,0.0,0.0,0.0,0.0,0.0,0.0,0.9465131306416532,0.0,0.0,0.0,0.0,0.0,0.0,0.0,0.0,1.0,0.0,0.0,0.0,2025-10-26 13:45:04+00:00,113708.96,0
3.0,0.0016131139631719,0.0073947365877915,0.0,0.0,0.0,0.0,0.0,0.0,0.0,0.0,1.0,0.0,0.0,0.0,0.0,0.0,0.0,0.0,0.0,0.0,0.0,0.0,0.0,2025-10-26 14:31:19+00:00,113728.03,0
6.0,0.0015921512127581,0.007498825074072,0.0,0.0,0.0,0.0,0.0,0.0,0.0,0.0,0.9961973977801272,0.0,0.0,0.0,0.0,0.0,0.0,0.0,0.0,1.0,0.0,0.0,0.0,2025-10-26 14:44:30+00:00,113778.01,0
6.0,0.0013906477429202,0.0074540693478913,0.0,0.0,0.0,0.0,0.0,0.0,0.0,0.0,1.0,0.0,0.0,0.0,0.0,0.0,0.0,0.0,0.0,0.0,0.0,0.0,0.0,2025-10-26 14:54:21+00:00,113564.83,0
3.0,0.0012759950524366,0.0084517951869782,0.0,0.0,0.0,0.0,0.0,0.0,0.0,0.0,0.9619721822118824,0.0,0.0,0.0,0.0,0.0,0.0,0.0,0.0,0.0,0.0,0.0,0.0,2025-10-26 15:12:01+00:00,113535.99,0
